GEO.id,GEO.id2,GEO.display-label,HC01_VC03,HC02_VC03,HC03_VC03,HC04_VC03,HC01_VC04,HC02_VC04,HC03_VC04,HC04_VC04,HC01_VC05,HC02_VC05,HC03_VC05,HC04_VC05,HC01_VC08,HC02_VC08,HC03_VC08,HC04_VC08,HC01_VC09,HC02_VC09,HC03_VC09,HC04_VC09,HC01_VC10,HC02_VC10,HC03_VC10,HC04_VC10,HC01_VC11,HC02_VC11,HC03_VC11,HC04_VC11,HC01_VC12,HC02_VC12,HC03_VC12,HC04_VC12,HC01_VC13,HC02_VC13,HC03_VC13,HC04_VC13,HC01_VC14,HC02_VC14,HC03_VC14,HC04_VC14,HC01_VC15,HC02_VC15,HC03_VC15,HC04_VC15,HC01_VC16,HC02_VC16,HC03_VC16,HC04_VC16,HC01_VC17,HC02_VC17,HC03_VC17,HC04_VC17,HC01_VC18,HC02_VC18,HC03_VC18,HC04_VC18,HC01_VC19,HC02_VC19,HC03_VC19,HC04_VC19,HC01_VC20,HC02_VC20,HC03_VC20,HC04_VC20,HC01_VC77,HC02_VC77,HC03_VC77,HC04_VC77,HC01_VC78,HC02_VC78,HC03_VC78,HC04_VC78,HC01_VC79,HC02_VC79,HC03_VC79,HC04_VC79,HC01_VC80,HC02_VC80,HC03_VC80,HC04_VC80,HC01_VC81,HC02_VC81,HC03_VC81,HC04_VC81,HC01_VC82,HC02_VC82,HC03_VC82,HC04_VC82,HC01_VC83,HC02_VC83,HC03_VC83,HC04_VC83
Id,Id2,Geography,Estimate; SEX AND AGE - Total population,Margin of Error; SEX AND AGE - Total population,Percent; SEX AND AGE - Total population,Percent Margin of Error; SEX AND AGE - Total population,Estimate; SEX AND AGE - Total population - Male,Margin of Error; SEX AND AGE - Total population - Male,Percent; SEX AND AGE - Total population - Male,Percent Margin of Error; SEX AND AGE - Total population - Male,Estimate; SEX AND AGE - Total population - Female,Margin of Error; SEX AND AGE - Total population - Female,Percent; SEX AND AGE - Total population - Female,Percent Margin of Error; SEX AND AGE - Total population - Female,Estimate; SEX AND AGE - Under 5 years,Margin of Error; SEX AND AGE - Under 5 years,Percent; SEX AND AGE - Under 5 years,Percent Margin of Error; SEX AND AGE - Under 5 years,Estimate; SEX AND AGE - 5 to 9 years,Margin of Error; SEX AND AGE - 5 to 9 years,Percent; SEX AND AGE - 5 to 9 years,Percent Margin of Error; SEX AND AGE - 5 to 9 years,Estimate; SEX AND AGE - 10 to 14 years,Margin of Error; SEX AND AGE - 10 to 14 years,Percent; SEX AND AGE - 10 to 14 years,Percent Margin of Error; SEX AND AGE - 10 to 14 years,Estimate; SEX AND AGE - 15 to 19 years,Margin of Error; SEX AND AGE - 15 to 19 years,Percent; SEX AND AGE - 15 to 19 years,Percent Margin of Error; SEX AND AGE - 15 to 19 years,Estimate; SEX AND AGE - 20 to 24 years,Margin of Error; SEX AND AGE - 20 to 24 years,Percent; SEX AND AGE - 20 to 24 years,Percent Margin of Error; SEX AND AGE - 20 to 24 years,Estimate; SEX AND AGE - 25 to 34 years,Margin of Error; SEX AND AGE - 25 to 34 years,Percent; SEX AND AGE - 25 to 34 years,Percent Margin of Error; SEX AND AGE - 25 to 34 years,Estimate; SEX AND AGE - 35 to 44 years,Margin of Error; SEX AND AGE - 35 to 44 years,Percent; SEX AND AGE - 35 to 44 years,Percent Margin of Error; SEX AND AGE - 35 to 44 years,Estimate; SEX AND AGE - 45 to 54 years,Margin of Error; SEX AND AGE - 45 to 54 years,Percent; SEX AND AGE - 45 to 54 years,Percent Margin of Error; SEX AND AGE - 45 to 54 years,Estimate; SEX AND AGE - 55 to 59 years,Margin of Error; SEX AND AGE - 55 to 59 years,Percent; SEX AND AGE - 55 to 59 years,Percent Margin of Error; SEX AND AGE - 55 to 59 years,Estimate; SEX AND AGE - 60 to 64 years,Margin of Error; SEX AND AGE - 60 to 64 years,Percent; SEX AND AGE - 60 to 64 years,Percent Margin of Error; SEX AND AGE - 60 to 64 years,Estimate; SEX AND AGE - 65 to 74 years,Margin of Error; SEX AND AGE - 65 to 74 years,Percent; SEX AND AGE - 65 to 74 years,Percent Margin of Error; SEX AND AGE - 65 to 74 years,Estimate; SEX AND AGE - 75 to 84 years,Margin of Error; SEX AND AGE - 75 to 84 years,Percent; SEX AND AGE - 75 to 84 years,Percent Margin of Error; SEX AND AGE - 75 to 84 years,Estimate; SEX AND AGE - 85 years and over,Margin of Error; SEX AND AGE - 85 years and over,Percent; SEX AND AGE - 85 years and over,Percent Margin of Error; SEX AND AGE - 85 years and over,Estimate; RACE - Race alone or in combination with one or more other races - Total population,Margin of Error; RACE - Race alone or in combination with one or more other races - Total population,Percent; RACE - Race alone or in combination with one or more other races - Total population,Percent Margin of Error; RACE - Race alone or in combination with one or more other races - Total population,Estimate; RACE - Race alone or in combination with one or more other races - Total population - White,Margin of Error; RACE - Race alone or in combination with one or more other races - Total population - White,Percent; RACE - Race alone or in combination with one or more other races - Total population - White,Percent Margin of Error; RACE - Race alone or in combination with one or more other races - Total population - White,Estimate; RACE - Race alone or in combination with one or more other races - Total population - Black or African American,Margin of Error; RACE - Race alone or in combination with one or more other races - Total population - Black or African American,Percent; RACE - Race alone or in combination with one or more other races - Total population - Black or African American,Percent Margin of Error; RACE - Race alone or in combination with one or more other races - Total population - Black or African American,Estimate; RACE - Race alone or in combination with one or more other races - Total population - American Indian and Alaska Native,Margin of Error; RACE - Race alone or in combination with one or more other races - Total population - American Indian and Alaska Native,Percent; RACE - Race alone or in combination with one or more other races - Total population - American Indian and Alaska Native,Percent Margin of Error; RACE - Race alone or in combination with one or more other races - Total population - American Indian and Alaska Native,Estimate; RACE - Race alone or in combination with one or more other races - Total population - Asian,Margin of Error; RACE - Race alone or in combination with one or more other races - Total population - Asian,Percent; RACE - Race alone or in combination with one or more other races - Total population - Asian,Percent Margin of Error; RACE - Race alone or in combination with one or more other races - Total population - Asian,Estimate; RACE - Race alone or in combination with one or more other races - Total population - Native Hawaiian and Other Pacific Islander,Margin of Error; RACE - Race alone or in combination with one or more other races - Total population - Native Hawaiian and Other Pacific Islander,Percent; RACE - Race alone or in combination with one or more other races - Total population - Native Hawaiian and Other Pacific Islander,Percent Margin of Error; RACE - Race alone or in combination with one or more other races - Total population - Native Hawaiian and Other Pacific Islander,Estimate; RACE - Race alone or in combination with one or more other races - Total population - Some other race,Margin of Error; RACE - Race alone or in combination with one or more other races - Total population - Some other race,Percent; RACE - Race alone or in combination with one or more other races - Total population - Some other race,Percent Margin of Error; RACE - Race alone or in combination with one or more other races - Total population - Some other race
1400000US06075010100,6075010100,"Census Tract 101, San Francisco County, California",4000,305,4000,(X),2046,327,51.2,5.6,1954,204,48.9,5.6,74,46,1.9,1.2,79,37,2,0.9,98,64,2.5,1.6,110,37,2.8,0.9,355,168,8.9,4,1041,271,26,6.5,540,168,13.5,4,538,151,13.5,4.1,150,70,3.8,1.7,206,93,5.2,2.3,293,113,7.3,2.7,339,141,8.5,3.5,177,104,4.4,2.7,4000,305,4000,(X),2141,333,53.5,7.4,193,157,4.8,4,14,22,0.4,0.6,1489,233,37.2,5,0,12,0,0.8,306,197,7.7,4.9
1400000US06075010200,6075010200,"Census Tract 102, San Francisco County, California",4300,442,4300,(X),2212,333,51.4,4.7,2088,264,48.6,4.7,121,135,2.8,3,23,32,0.5,0.7,93,60,2.2,1.3,113,55,2.6,1.3,120,97,2.8,2.2,1419,325,33,6,551,195,12.8,4.8,501,235,11.7,5.1,238,105,5.5,2.5,230,110,5.3,2.5,460,147,10.7,3.3,319,100,7.4,2.7,112,79,2.6,1.9,4300,442,4300,(X),3733,398,86.8,3.7,33,50,0.8,1.2,99,101,2.3,2.3,529,156,12.3,3.3,10,18,0.2,0.4,78,95,1.8,2.2
1400000US06075010300,6075010300,"Census Tract 103, San Francisco County, California",4341,426,4341,(X),2270,351,52.3,6,2071,318,47.7,6,205,174,4.7,3.8,153,59,3.5,1.3,92,98,2.1,2.2,33,36,0.8,0.8,308,165,7.1,3.8,1039,332,23.9,6.9,748,174,17.2,4.1,324,153,7.5,3.3,270,120,6.2,2.8,296,128,6.8,3.1,477,215,11,4.8,171,74,3.9,1.8,225,100,5.2,2.3,4341,426,4341,(X),2770,401,63.8,6.6,15,26,0.3,0.6,47,57,1.1,1.3,1489,368,34.3,7.7,0,12,0,0.7,117,130,2.7,3
1400000US06075010400,6075010400,"Census Tract 104, San Francisco County, California",5028,577,5028,(X),2636,403,52.4,5,2392,366,47.6,5,297,144,5.9,2.5,180,103,3.6,1.9,113,66,2.2,1.3,40,40,0.8,0.8,175,114,3.5,2.2,1349,370,26.8,6.2,906,283,18,5.2,725,168,14.4,3.2,181,100,3.6,2,370,123,7.4,2.5,450,99,8.9,2,181,92,3.6,1.8,61,49,1.2,1,5028,577,5028,(X),3436,440,68.3,6.9,114,97,2.3,1.9,17,22,0.3,0.4,1656,374,32.9,5.7,0,17,0,0.6,235,228,4.7,4.4
1400000US06075010500,6075010500,"Census Tract 105, San Francisco County, California",2684,263,2684,(X),1333,173,49.7,4,1351,165,50.3,4,101,67,3.8,2.4,11,16,0.4,0.6,94,44,3.5,1.6,74,38,2.8,1.5,141,98,5.3,3.5,485,171,18.1,5.8,461,154,17.2,5.4,309,109,11.5,3.9,116,65,4.3,2.3,161,72,6,2.5,265,75,9.9,2.9,314,72,11.7,2.7,152,71,5.7,2.7,2684,263,2684,(X),1731,225,64.5,10.2,249,207,9.3,7.7,15,19,0.6,0.7,945,241,35.2,8.4,25,39,0.9,1.4,75,66,2.8,2.4
1400000US06075010600,6075010600,"Census Tract 106, San Francisco County, California",3567,312,3567,(X),1960,234,54.9,4.3,1607,206,45.1,4.3,35,31,1,0.9,74,54,2.1,1.5,46,32,1.3,0.9,177,119,5,3.3,248,92,7,2.5,862,192,24.2,5.2,378,137,10.6,3.7,450,110,12.6,2.8,290,110,8.1,2.8,317,125,8.9,3.3,291,91,8.2,2.5,226,92,6.3,2.8,173,95,4.9,2.7,3567,312,3567,(X),1299,198,36.4,5.5,80,64,2.2,1.8,4,7,0.1,0.2,2163,303,60.6,5.8,0,12,0,0.9,60,58,1.7,1.6
1400000US06075010700,6075010700,"Census Tract 107, San Francisco County, California",5509,474,5509,(X),2585,361,46.9,4.9,2924,360,53.1,4.9,158,118,2.9,2,111,60,2,1.1,198,89,3.6,1.5,174,95,3.2,1.7,500,237,9.1,4,911,273,16.5,4.7,571,157,10.4,2.8,838,210,15.2,3.6,352,130,6.4,2.3,450,141,8.2,2.6,458,151,8.3,2.6,418,148,7.6,2.8,370,183,6.7,3.5,5509,474,5509,(X),1127,328,20.5,5.4,0,17,0,0.6,21,31,0.4,0.6,4180,434,75.9,5.7,0,17,0,0.6,220,223,4,4
1400000US06075010800,6075010800,"Census Tract 108, San Francisco County, California",4514,368,4514,(X),1968,271,43.6,4.6,2546,288,56.4,4.6,68,53,1.5,1.2,102,70,2.3,1.5,146,70,3.2,1.6,91,66,2,1.5,324,167,7.2,3.5,1053,302,23.3,5.8,584,191,12.9,4.1,636,184,14.1,4.3,259,117,5.7,2.5,282,83,6.2,1.9,484,131,10.7,2.8,260,139,5.8,3.1,225,94,5,2.2,4514,368,4514,(X),2362,312,52.3,5.5,28,33,0.6,0.7,42,39,0.9,0.9,2111,274,46.8,5.4,0,12,0,0.7,151,142,3.3,3
1400000US06075010900,6075010900,"Census Tract 109, San Francisco County, California",4447,328,4447,(X),1912,239,43,5.3,2535,335,57,5.3,50,54,1.1,1.2,66,52,1.5,1.2,52,41,1.2,0.9,62,60,1.4,1.3,159,84,3.6,1.9,1849,300,41.6,5.7,619,222,13.9,4.7,459,164,10.3,3.7,195,104,4.4,2.3,156,78,3.5,1.8,439,123,9.9,2.8,264,109,5.9,2.4,77,62,1.7,1.4,4447,328,4447,(X),3243,255,72.9,4.9,95,74,2.1,1.7,0,12,0,0.7,1075,251,24.2,4.7,0,12,0,0.7,79,79,1.8,1.8
1400000US06075011000,6075011000,"Census Tract 110, San Francisco County, California",4742,540,4742,(X),2108,359,44.5,4.6,2634,330,55.5,4.6,76,82,1.6,1.6,27,44,0.6,0.9,51,66,1.1,1.4,14,22,0.3,0.5,191,107,4,2.2,2570,463,54.2,6.4,387,163,8.2,3.5,330,152,7,2.8,159,113,3.4,2.4,380,174,8,3.9,250,96,5.3,2.1,168,69,3.5,1.4,139,86,2.9,1.9,4742,540,4742,(X),2614,309,55.1,4.6,115,81,2.4,1.8,0,12,0,0.7,2019,383,42.6,5.9,0,12,0,0.7,131,139,2.8,2.8
1400000US06075011100,6075011100,"Census Tract 111, San Francisco County, California",5081,397,5081,(X),2589,431,51,6.4,2492,329,49,6.4,223,64,4.4,1.3,83,91,1.6,1.8,0,17,0,0.6,0,17,0,0.6,306,141,6,2.7,1834,339,36.1,6.2,936,242,18.4,4.3,544,179,10.7,3.5,235,130,4.6,2.6,186,97,3.7,1.9,337,153,6.6,2.8,283,154,5.6,3.1,114,107,2.2,2.1,5081,397,5081,(X),3313,510,65.2,7.8,235,155,4.6,2.9,0,17,0,0.6,1554,372,30.6,7.8,47,73,0.9,1.4,163,106,3.2,2
1400000US06075011200,6075011200,"Census Tract 112, San Francisco County, California",3335,232,3335,(X),1524,231,45.7,5.9,1811,224,54.3,5.9,84,66,2.5,2,31,23,0.9,0.7,49,35,1.5,1.1,107,85,3.2,2.5,139,145,4.2,4.3,838,186,25.1,5.3,413,121,12.4,3.4,447,99,13.4,3.2,253,83,7.6,2.5,184,95,5.5,2.8,414,90,12.4,2.5,247,93,7.4,2.7,129,64,3.9,1.9,3335,232,3335,(X),2109,243,63.2,5.3,118,79,3.5,2.3,15,16,0.4,0.5,1207,144,36.2,4.2,1,2,0,0.1,19,16,0.6,0.5
1400000US06075011300,6075011300,"Census Tract 113, San Francisco County, California",3061,235,3061,(X),1428,167,46.7,4,1633,173,53.3,4,67,66,2.2,2.1,68,67,2.2,2.1,89,54,2.9,1.8,164,65,5.4,2.1,211,108,6.9,3.4,470,140,15.4,4.6,209,90,6.8,3,361,105,11.8,3.1,242,90,7.9,2.9,173,76,5.7,2.6,327,119,10.7,3.8,397,119,13,3.8,283,120,9.2,3.8,3061,235,3061,(X),743,175,24.3,5.8,66,73,2.2,2.4,15,25,0.5,0.8,2326,248,76,5.4,0,12,0,1.1,9,15,0.3,0.5
1400000US06075011700,6075011700,"Census Tract 117, San Francisco County, California",1716,208,1716,(X),985,164,57.4,6.2,731,135,42.6,6.2,54,37,3.1,2,20,20,1.2,1.1,3,12,0.2,0.7,46,31,2.7,1.9,89,46,5.2,2.7,470,143,27.4,7.1,264,86,15.4,4.7,266,89,15.5,5,75,54,4.4,3.1,195,89,11.4,4.9,112,54,6.5,3.3,91,56,5.3,3.1,31,40,1.8,2.4,1716,208,1716,(X),743,145,43.3,8.5,82,46,4.8,2.6,7,11,0.4,0.6,746,174,43.5,7.5,0,12,0,1.9,190,118,11.1,6.5
1400000US06075011800,6075011800,"Census Tract 118, San Francisco County, California",1562,178,1562,(X),809,120,51.8,4.1,753,98,48.2,4.1,54,26,3.5,1.6,23,19,1.5,1.2,59,36,3.8,2.3,43,25,2.8,1.6,146,94,9.3,5.5,271,81,17.3,4.8,135,49,8.6,3.1,213,68,13.6,4.3,153,50,9.8,3.1,90,37,5.8,2.4,150,48,9.6,3.2,135,63,8.6,3.9,90,35,5.8,2.2,1562,178,1562,(X),188,86,12,5,13,13,0.8,0.8,13,14,0.8,0.9,1318,153,84.4,6.3,0,12,0,2.1,47,74,3,4.7
1400000US06075011901,6075011901,"Census Tract 119.01, San Francisco County, California",2570,171,2570,(X),1248,152,48.6,4.5,1322,132,51.4,4.5,0,12,0,1.3,0,12,0,1.3,26,15,1,0.6,211,44,8.2,1.7,318,113,12.4,4.3,765,134,29.8,4.8,314,101,12.2,3.8,196,59,7.6,2.3,144,63,5.6,2.5,202,74,7.9,2.9,240,76,9.3,2.8,116,57,4.5,2.3,38,35,1.5,1.4,2570,171,2570,(X),1641,151,63.9,5,59,52,2.3,2,39,44,1.5,1.7,812,132,31.6,4.5,4,8,0.2,0.3,114,68,4.4,2.6
1400000US06075011902,6075011902,"Census Tract 119.02, San Francisco County, California",2839,281,2839,(X),1515,221,53.4,4.5,1324,157,46.6,4.5,48,46,1.7,1.6,0,12,0,1.1,41,42,1.4,1.4,56,43,2,1.5,284,105,10,3.6,986,207,34.7,6.9,464,152,16.3,5.1,421,122,14.8,3.9,101,51,3.6,1.8,85,47,3,1.6,236,73,8.3,2.5,103,57,3.6,1.8,14,23,0.5,0.8,2839,281,2839,(X),1638,199,57.7,6.1,51,43,1.8,1.5,17,25,0.6,0.9,1011,176,35.6,5.4,17,25,0.6,0.9,218,145,7.7,4.7
1400000US06075012000,6075012000,"Census Tract 120, San Francisco County, California",3962,382,3962,(X),2295,299,57.9,6.4,1667,325,42.1,6.4,85,83,2.1,2.1,0,12,0,0.8,26,37,0.7,0.9,56,49,1.4,1.2,452,210,11.4,5.3,1346,349,34,7.4,480,181,12.1,4.7,523,204,13.2,5,214,169,5.4,4.1,322,121,8.1,3.3,206,85,5.2,2.3,215,104,5.4,2.7,37,43,0.9,1.1,3962,382,3962,(X),2188,324,55.2,8.3,378,205,9.5,5.3,37,40,0.9,1,1480,384,37.4,8.4,18,29,0.5,0.7,235,172,5.9,4.2
1400000US06075012100,6075012100,"Census Tract 121, San Francisco County, California",3908,298,3908,(X),1879,280,48.1,5,2029,204,51.9,5,56,53,1.4,1.3,3,11,0.1,0.3,0,12,0,0.8,464,122,11.9,3.1,551,206,14.1,5.1,1412,268,36.1,6.3,357,144,9.1,3.5,359,141,9.2,3.5,150,75,3.8,1.9,126,62,3.2,1.6,206,81,5.3,2.1,192,136,4.9,3.5,32,37,0.8,1,3908,298,3908,(X),2387,292,61.1,5.9,161,97,4.1,2.5,52,44,1.3,1.1,1256,243,32.1,5.6,83,80,2.1,2,214,99,5.5,2.5
1400000US06075012201,6075012201,"Census Tract 122.01, San Francisco County, California",4728,391,4728,(X),2993,275,63.3,5,1735,320,36.7,5,129,119,2.7,2.5,107,101,2.3,2.1,54,45,1.1,1,79,59,1.7,1.2,372,187,7.9,3.7,1258,327,26.6,5.9,962,250,20.3,5.2,799,201,16.9,4.3,290,132,6.1,2.9,200,118,4.2,2.6,218,103,4.6,2.2,72,79,1.5,1.7,188,150,4,3.2,4728,391,4728,(X),2319,382,49,7.8,576,208,12.2,4.5,111,73,2.3,1.5,1140,323,24.1,6.5,50,75,1.1,1.6,880,469,18.6,9.4
1400000US06075012202,6075012202,"Census Tract 122.02, San Francisco County, California",3271,597,3271,(X),2225,598,68,8.9,1046,261,32,8.9,0,12,0,1,48,53,1.5,1.6,0,12,0,1,74,61,2.3,1.9,204,107,6.2,3.1,1186,338,36.3,6.8,464,223,14.2,5.3,446,159,13.6,4,215,100,6.6,2.9,237,86,7.2,2.9,225,132,6.9,4.2,139,101,4.2,3.2,33,36,1,1.1,3271,597,3271,(X),1628,529,49.8,11.6,402,146,12.3,4.4,139,158,4.2,4.6,778,234,23.8,8.5,45,59,1.4,1.9,431,400,13.2,11.4
1400000US06075012301,6075012301,"Census Tract 123.01, San Francisco County, California",2189,326,2189,(X),1213,248,55.4,7.2,976,210,44.6,7.2,135,72,6.2,2.9,0,12,0,1.5,108,49,4.9,2.2,61,86,2.8,3.7,176,88,8,4,372,111,17,4.7,310,157,14.2,6.4,330,119,15.1,5.2,116,68,5.3,3.2,86,65,3.9,3,289,98,13.2,4.6,116,86,5.3,4,90,51,4.1,2.4,2189,326,2189,(X),1106,326,50.5,10.6,282,159,12.9,7.4,36,38,1.6,1.7,663,170,30.3,7.6,0,12,0,1.5,176,131,8,5.9
1400000US06075012302,6075012302,"Census Tract 123.02, San Francisco County, California",2529,213,2529,(X),1437,189,56.8,4.9,1092,138,43.2,4.9,26,36,1,1.4,1,8,0,0.3,0,12,0,1.3,28,27,1.1,1.1,255,101,10.1,3.8,891,163,35.2,5.7,397,101,15.7,3.9,397,147,15.7,5.4,243,82,9.6,3.3,127,58,5,2.3,73,47,2.9,1.9,83,52,3.3,2.1,8,13,0.3,0.5,2529,213,2529,(X),1270,169,50.2,6.2,194,92,7.7,3.8,47,31,1.9,1.2,943,196,37.3,7.1,33,38,1.3,1.5,169,121,6.7,4.5
1400000US06075012401,6075012401,"Census Tract 124.01, San Francisco County, California",4593,482,4593,(X),2941,427,64,6.7,1652,358,36,6.7,211,163,4.6,3.5,117,62,2.5,1.3,223,109,4.9,2.3,53,50,1.2,1.1,405,182,8.8,3.6,1027,265,22.4,4.9,615,181,13.4,3.8,882,228,19.2,4.8,260,123,5.7,2.6,392,129,8.5,2.8,273,103,5.9,2.5,60,63,1.3,1.3,75,40,1.6,0.9,4593,482,4593,(X),2177,424,47.4,7.9,442,225,9.6,4.6,92,65,2,1.4,1324,354,28.8,7.6,44,50,1,1.1,748,307,16.3,6.2
1400000US06075012402,6075012402,"Census Tract 124.02, San Francisco County, California",3668,368,3668,(X),2061,244,56.2,6.1,1607,321,43.8,6.1,121,127,3.3,3.4,34,52,0.9,1.4,27,30,0.7,0.8,90,65,2.5,1.8,354,122,9.7,3.2,1088,274,29.7,6.1,515,152,14,4.4,541,184,14.7,4.5,122,70,3.3,2,276,102,7.5,2.7,226,98,6.2,2.8,196,71,5.3,2,78,59,2.1,1.6,3668,368,3668,(X),1887,381,51.4,9.7,260,103,7.1,2.9,34,35,0.9,1,1095,285,29.9,8.6,64,85,1.7,2.3,409,328,11.2,8.3
1400000US06075012501,6075012501,"Census Tract 125.01, San Francisco County, California",3660,332,3660,(X),2287,281,62.5,6.1,1373,271,37.5,6.1,45,44,1.2,1.2,102,56,2.8,1.5,132,104,3.6,2.7,273,107,7.5,3.2,55,58,1.5,1.6,235,115,6.4,3,483,164,13.2,4.4,1040,241,28.4,5.9,210,101,5.7,2.8,262,137,7.2,3.6,534,157,14.6,4.2,236,171,6.4,4.5,53,48,1.4,1.3,3660,332,3660,(X),1386,280,37.9,7.4,531,194,14.5,5,11,16,0.3,0.4,1473,259,40.2,5.6,9,16,0.2,0.4,312,188,8.5,5
1400000US06075012502,6075012502,"Census Tract 125.02, San Francisco County, California",3585,451,3585,(X),1933,336,53.9,5.5,1652,258,46.1,5.5,68,64,1.9,1.7,41,39,1.1,1.1,16,25,0.4,0.7,82,99,2.3,2.6,119,94,3.3,2.6,347,178,9.7,4.4,565,283,15.8,7,497,206,13.9,4.8,389,141,10.9,4.3,354,164,9.9,4.7,549,163,15.3,5.1,470,142,13.1,4.3,88,65,2.5,1.9,3585,451,3585,(X),1186,341,33.1,9.4,461,200,12.9,5.5,117,84,3.3,2.4,1707,365,47.6,7.9,0,12,0,0.9,266,212,7.4,5.7
1400000US06075012601,6075012601,"Census Tract 126.01, San Francisco County, California",2408,215,2408,(X),1281,135,53.2,4,1127,151,46.8,4,199,79,8.3,3,46,29,1.9,1.2,7,13,0.3,0.5,11,16,0.5,0.7,63,73,2.6,3,901,153,37.4,6,462,129,19.2,4.6,315,86,13.1,3.6,100,43,4.2,1.8,78,50,3.2,2.1,129,41,5.4,1.8,70,49,2.9,2,27,24,1.1,1,2408,215,2408,(X),2170,226,90.1,4.6,41,47,1.7,2,0,12,0,1.3,263,134,10.9,5.5,0,12,0,1.3,13,20,0.5,0.8
1400000US06075012602,6075012602,"Census Tract 126.02, San Francisco County, California",2900,250,2900,(X),1359,206,46.9,5.7,1541,209,53.1,5.7,237,97,8.2,3,108,88,3.7,2.9,21,30,0.7,1,10,17,0.3,0.6,83,67,2.9,2.2,990,156,34.1,5.9,616,149,21.2,4.8,292,92,10.1,3,190,88,6.6,2.9,67,45,2.3,1.5,157,57,5.4,2,102,59,3.5,2.1,27,27,0.9,1,2900,250,2900,(X),2488,270,85.8,4.4,14,22,0.5,0.8,0,12,0,1.1,459,129,15.8,4.6,0,12,0,1.1,22,36,0.8,1.2
1400000US06075012700,6075012700,"Census Tract 127, San Francisco County, California",3860,346,3860,(X),1805,254,46.8,4.6,2055,241,53.2,4.6,83,63,2.2,1.6,97,67,2.5,1.7,199,112,5.2,2.7,126,81,3.3,2,38,37,1,0.9,1234,247,32,5.8,706,157,18.3,3.7,535,172,13.9,4.4,143,97,3.7,2.5,150,99,3.9,2.6,202,103,5.2,2.7,143,81,3.7,2.1,204,194,5.3,4.9,3860,346,3860,(X),3446,300,89.3,3.2,53,68,1.4,1.7,0,12,0,0.8,544,242,14.1,6.1,78,97,2,2.4,0,12,0,0.8
1400000US06075012800,6075012800,"Census Tract 128, San Francisco County, California",4783,413,4783,(X),2336,293,48.8,4.1,2447,275,51.2,4.1,389,158,8.1,3.1,131,84,2.7,1.7,133,102,2.8,2.1,150,121,3.1,2.5,181,122,3.8,2.5,1649,288,34.5,5.8,759,233,15.9,4.6,442,159,9.2,3.2,285,106,6,2.3,143,77,3,1.6,233,84,4.9,1.8,189,75,4,1.6,99,59,2.1,1.3,4783,413,4783,(X),4302,366,89.9,3.3,56,85,1.2,1.7,1,2,0,0.1,591,220,12.4,4.2,0,12,0,0.7,64,55,1.3,1.1
1400000US06075012901,6075012901,"Census Tract 129.01, San Francisco County, California",2731,230,2731,(X),1235,139,45.2,4.1,1496,180,54.8,4.1,127,59,4.7,2.1,27,28,1,1,61,41,2.2,1.5,9,5,0.3,0.2,34,28,1.2,1,1292,208,47.3,5.1,509,115,18.6,3.9,216,76,7.9,2.8,115,62,4.2,2.3,108,47,4,1.8,136,51,5,1.9,38,27,1.4,1,59,39,2.2,1.4,2731,230,2731,(X),2434,205,89.1,3.8,24,28,0.9,1,37,37,1.4,1.3,370,129,13.5,4.5,23,35,0.8,1.3,0,12,0,1.2
1400000US06075012902,6075012902,"Census Tract 129.02, San Francisco County, California",3638,341,3638,(X),1770,347,48.7,7,1868,256,51.3,7,47,45,1.3,1.2,161,146,4.4,3.8,51,34,1.4,0.9,58,39,1.6,1.1,286,223,7.9,6.1,1678,238,46.1,6.4,480,147,13.2,3.9,225,89,6.2,2.3,61,47,1.7,1.3,141,91,3.9,2.5,123,80,3.4,2.1,207,94,5.7,2.5,120,77,3.3,2.2,3638,341,3638,(X),2949,390,81.1,5.2,100,86,2.7,2.4,12,18,0.3,0.5,624,169,17.2,4.7,0,12,0,0.9,70,74,1.9,2
1400000US06075013000,6075013000,"Census Tract 130, San Francisco County, California",4788,351,4788,(X),2426,352,50.7,6,2362,316,49.3,6,177,91,3.7,1.9,154,109,3.2,2.2,53,60,1.1,1.2,44,52,0.9,1.1,239,130,5,2.8,1927,308,40.2,5.9,814,245,17,5.3,446,226,9.3,4.4,145,65,3,1.4,180,96,3.8,2,419,118,8.8,2.5,114,68,2.4,1.4,76,66,1.6,1.4,4788,351,4788,(X),4110,328,85.8,3.4,0,12,0,0.7,28,33,0.6,0.7,694,190,14.5,4,0,12,0,0.7,110,83,2.3,1.7
1400000US06075013101,6075013101,"Census Tract 131.01, San Francisco County, California",4072,309,4072,(X),1954,364,48,7,2118,269,52,7,88,75,2.2,1.8,27,27,0.7,0.7,20,39,0.5,0.9,61,38,1.5,0.9,276,168,6.8,4.2,1741,367,42.8,7.3,490,185,12,4.6,613,214,15.1,5.5,190,103,4.7,2.6,184,95,4.5,2.3,240,121,5.9,3,92,66,2.3,1.6,50,60,1.2,1.5,4072,309,4072,(X),3299,299,81,5.7,203,144,5,3.5,40,43,1,1.1,672,233,16.5,5.3,2,5,0,0.1,100,64,2.5,1.6
1400000US06075013102,6075013102,"Census Tract 131.02, San Francisco County, California",2913,199,2913,(X),1392,153,47.8,4.1,1521,156,52.2,4.1,60,42,2.1,1.4,12,17,0.4,0.6,31,32,1.1,1.1,57,38,2,1.3,102,58,3.5,2,1156,183,39.7,5.5,470,139,16.1,4.4,239,77,8.2,2.5,93,55,3.2,2,154,75,5.3,2.6,327,78,11.2,2.8,130,50,4.5,1.7,82,41,2.8,1.4,2913,199,2913,(X),2409,207,82.7,5.3,30,28,1,0.9,0,12,0,1.1,496,161,17,5.2,13,21,0.4,0.7,45,33,1.5,1.1
1400000US06075013200,6075013200,"Census Tract 132, San Francisco County, California",3877,251,3877,(X),1921,226,49.5,4.9,1956,229,50.5,4.9,146,101,3.8,2.5,204,79,5.3,2.1,69,58,1.8,1.5,117,58,3,1.5,98,77,2.5,2,661,206,17,5.1,812,161,20.9,3.8,495,150,12.8,4,217,85,5.6,2.1,322,110,8.3,2.8,440,146,11.3,3.6,222,98,5.7,2.5,74,58,1.9,1.5,3877,251,3877,(X),2975,310,76.7,6,41,65,1.1,1.7,0,12,0,0.8,807,246,20.8,6,0,12,0,0.8,112,120,2.9,3.2
1400000US06075013300,6075013300,"Census Tract 133, San Francisco County, California",4561,305,4561,(X),2097,201,46,2.8,2464,196,54,2.8,380,110,8.3,2.3,201,73,4.4,1.5,285,82,6.2,1.8,143,78,3.1,1.6,276,116,6.1,2.5,680,166,14.9,3.5,707,126,15.5,2.5,634,134,13.9,2.7,362,99,7.9,2.2,161,61,3.5,1.4,278,80,6.1,1.8,303,90,6.6,2,151,71,3.3,1.5,4561,305,4561,(X),3676,268,80.6,3.4,177,98,3.9,2.1,64,110,1.4,2.4,841,159,18.4,2.9,72,70,1.6,1.5,130,103,2.9,2.2
1400000US06075013400,6075013400,"Census Tract 134, San Francisco County, California",4000,301,4000,(X),1838,266,46,5.2,2162,240,54.1,5.2,247,116,6.2,2.8,130,71,3.3,1.8,41,42,1,1.1,88,106,2.2,2.5,284,261,7.1,6.4,1153,292,28.8,7.3,790,217,19.8,5,399,122,10,3.3,137,72,3.4,1.8,182,113,4.6,2.9,383,95,9.6,2.5,131,106,3.3,2.6,35,33,0.9,0.8,4000,301,4000,(X),3209,281,80.2,6.8,64,49,1.6,1.3,41,47,1,1.2,736,317,18.4,7.1,22,35,0.6,0.9,62,64,1.6,1.6
1400000US06075013500,6075013500,"Census Tract 135, San Francisco County, California",2704,203,2704,(X),1305,173,48.3,5.2,1399,174,51.7,5.2,121,55,4.5,2,86,41,3.2,1.5,60,47,2.2,1.8,19,23,0.7,0.8,51,34,1.9,1.3,960,182,35.5,5.6,458,84,16.9,3.1,317,112,11.7,3.9,106,43,3.9,1.6,127,58,4.7,2.2,193,66,7.1,2.3,150,63,5.5,2.4,56,50,2.1,1.9,2704,203,2704,(X),2042,258,75.5,7.4,91,60,3.4,2.1,13,18,0.5,0.7,556,203,20.6,7.4,41,48,1.5,1.8,50,32,1.8,1.2
1400000US06075015100,6075015100,"Census Tract 151, San Francisco County, California",2178,206,2178,(X),1159,181,53.2,5.8,1019,146,46.8,5.8,0,12,0,1.5,10,16,0.5,0.7,0,12,0,1.5,0,12,0,1.5,109,73,5,3.3,699,130,32.1,4.7,280,102,12.9,4.4,180,63,8.3,2.8,156,63,7.2,3.1,22,19,1,0.9,224,95,10.3,4.4,233,86,10.7,3.7,265,90,12.2,4.2,2178,206,2178,(X),1404,157,64.5,5,14,13,0.6,0.6,2,5,0.1,0.2,732,144,33.6,5,0,12,0,1.5,75,58,3.4,2.7
1400000US06075015200,6075015200,"Census Tract 152, San Francisco County, California",4267,340,4267,(X),2070,219,48.5,4.3,2197,279,51.5,4.3,175,81,4.1,1.9,117,67,2.7,1.5,0,12,0,0.8,32,29,0.7,0.7,262,134,6.1,3.1,1598,319,37.5,6.3,434,168,10.2,4,551,211,12.9,4.5,101,73,2.4,1.7,147,105,3.4,2.5,439,121,10.3,2.8,260,123,6.1,2.9,151,86,3.5,2,4267,340,4267,(X),2870,368,67.3,6.4,327,188,7.7,4.4,12,18,0.3,0.4,1124,228,26.3,5.1,0,12,0,0.8,21,23,0.5,0.5
1400000US06075015300,6075015300,"Census Tract 153, San Francisco County, California",2234,206,2234,(X),1080,156,48.3,5,1154,145,51.7,5,173,89,7.7,3.8,49,37,2.2,1.7,59,34,2.6,1.5,14,15,0.6,0.7,98,64,4.4,2.8,724,130,32.4,5.2,417,88,18.7,4.1,189,60,8.5,2.6,92,41,4.1,1.8,125,46,5.6,2.1,164,57,7.3,2.4,73,49,3.3,2.1,57,34,2.6,1.4,2234,206,2234,(X),1625,183,72.7,5.8,179,104,8,4.5,7,13,0.3,0.6,426,133,19.1,5.5,21,31,0.9,1.4,47,37,2.1,1.6
1400000US06075015400,6075015400,"Census Tract 154, San Francisco County, California",6161,360,6161,(X),2720,259,44.1,3.9,3441,342,55.9,3.9,529,191,8.6,2.9,257,100,4.2,1.6,97,49,1.6,0.8,84,68,1.4,1.1,408,213,6.6,3.4,1641,238,26.6,3.9,1005,222,16.3,3.6,719,155,11.7,2.4,210,79,3.4,1.3,443,156,7.2,2.5,383,104,6.2,1.7,218,110,3.5,1.8,167,106,2.7,1.7,6161,360,6161,(X),4253,414,69,6.6,191,123,3.1,1.9,41,64,0.7,1,1830,426,29.7,6.4,90,119,1.5,1.9,52,80,0.8,1.3
1400000US06075015500,6075015500,"Census Tract 155, San Francisco County, California",3651,357,3651,(X),1488,334,40.8,6.7,2163,251,59.2,6.7,79,66,2.2,1.8,0,12,0,0.9,81,68,2.2,1.8,32,41,0.9,1.1,179,171,4.9,4.6,857,242,23.5,6.2,429,218,11.8,5.7,353,151,9.7,4.1,105,84,2.9,2.3,238,173,6.5,4.6,335,145,9.2,3.7,484,143,13.3,4.1,479,138,13.1,3.8,3651,357,3651,(X),2169,376,59.4,7.3,138,85,3.8,2.4,27,42,0.7,1.1,1374,271,37.6,7,0,12,0,0.9,61,94,1.7,2.6
1400000US06075015600,6075015600,"Census Tract 156, San Francisco County, California",3274,245,3274,(X),1453,230,44.4,5.8,1821,218,55.6,5.8,138,53,4.2,1.5,100,64,3.1,1.9,81,49,2.5,1.4,73,44,2.2,1.4,424,209,13,6.2,845,198,25.8,5.8,360,107,11,3.2,308,115,9.4,3.3,253,92,7.7,3,168,95,5.1,2.9,343,99,10.5,3.1,146,83,4.5,2.5,35,32,1.1,1,3274,245,3274,(X),2013,231,61.5,5.5,65,53,2,1.6,16,16,0.5,0.5,1314,201,40.1,5.5,33,39,1,1.2,43,37,1.3,1.1
1400000US06075015700,6075015700,"Census Tract 157, San Francisco County, California",8910,640,8910,(X),4104,449,46.1,4.3,4806,543,53.9,4.3,289,170,3.2,1.9,75,61,0.8,0.7,84,71,0.9,0.8,2451,307,27.5,3.1,620,197,7,2.1,2413,510,27.1,4.5,869,213,9.8,2.4,684,177,7.7,1.9,269,84,3,1,321,110,3.6,1.3,441,132,4.9,1.5,276,115,3.1,1.3,118,84,1.3,0.9,8910,640,8910,(X),5659,477,63.5,3.4,450,178,5.1,2,13,26,0.1,0.3,2698,406,30.3,3.7,149,132,1.7,1.5,508,165,5.7,1.8
1400000US06075015801,6075015801,"Census Tract 158.01, San Francisco County, California",4121,390,4121,(X),2039,264,49.5,5.3,2082,321,50.5,5.3,309,223,7.5,5.2,308,174,7.5,3.9,163,87,4,2.1,158,83,3.8,1.9,107,73,2.6,1.7,916,212,22.2,5.1,783,167,19,3.4,290,101,7,2.4,202,87,4.9,2.3,279,114,6.8,3,397,83,9.6,2,156,81,3.8,2,53,39,1.3,0.9,4121,390,4121,(X),1885,345,45.7,7.5,1744,425,42.3,8.1,11,17,0.3,0.4,704,198,17.1,5.2,0,12,0,0.8,79,110,1.9,2.7
1400000US06075015802,6075015802,"Census Tract 158.02, San Francisco County, California",3321,329,3321,(X),1891,253,56.9,4.8,1430,207,43.1,4.8,130,38,3.9,1.2,48,39,1.4,1.2,56,88,1.7,2.6,1,7,0,0.2,185,108,5.6,3,1380,272,41.6,5.7,643,132,19.4,4.4,419,128,12.6,3.8,117,77,3.5,2.4,80,50,2.4,1.5,210,51,6.3,1.5,29,26,0.9,0.8,23,21,0.7,0.7,3321,329,3321,(X),2389,267,71.9,6.9,287,119,8.6,3.6,29,33,0.9,1,559,261,16.8,7.1,10,17,0.3,0.5,202,118,6.1,3.5
1400000US06075015900,6075015900,"Census Tract 159, San Francisco County, California",4332,513,4332,(X),2063,367,47.6,5.2,2269,312,52.4,5.2,79,72,1.8,1.6,34,49,0.8,1.1,311,129,7.2,3,67,54,1.5,1.2,439,210,10.1,4.5,1009,354,23.3,6.9,633,179,14.6,4,426,219,9.8,4.8,180,99,4.2,2.4,179,97,4.1,2.2,562,141,13,3.5,267,102,6.2,2.4,146,79,3.4,1.8,4332,513,4332,(X),1686,240,38.9,5.5,513,194,11.8,4.9,160,256,3.7,5.6,1851,426,42.7,6.7,25,37,0.6,0.9,142,205,3.3,4.7
1400000US06075016000,6075016000,"Census Tract 160, San Francisco County, California",2769,245,2769,(X),1551,197,56,6.1,1218,216,44,6.1,65,48,2.3,1.7,10,15,0.4,0.5,10,17,0.4,0.6,32,32,1.2,1.2,231,142,8.3,4.8,650,162,23.5,5.1,402,114,14.5,3.6,218,83,7.9,3.1,143,55,5.2,2.1,316,106,11.4,3.7,429,115,15.5,4.3,171,81,6.2,3,92,51,3.3,1.9,2769,245,2769,(X),1417,207,51.2,7,218,90,7.9,3.4,12,18,0.4,0.7,1143,243,41.3,6.8,55,58,2,2.1,97,53,3.5,1.9
1400000US06075016100,6075016100,"Census Tract 161, San Francisco County, California",5498,463,5498,(X),2432,363,44.2,4.8,3066,328,55.8,4.8,55,66,1,1.2,255,115,4.6,2,153,149,2.8,2.6,84,76,1.5,1.4,415,201,7.5,3.7,1382,320,25.1,5.3,764,300,13.9,4.9,382,155,6.9,2.7,389,149,7.1,2.7,237,113,4.3,2,619,170,11.3,3.2,669,179,12.2,3.4,94,60,1.7,1.1,5498,463,5498,(X),1652,316,30,5.5,2473,545,45,8.6,2,6,0,0.1,1544,412,28.1,7.1,50,75,0.9,1.4,155,123,2.8,2.2
1400000US06075016200,6075016200,"Census Tract 162, San Francisco County, California",2937,238,2937,(X),1756,249,59.8,5.8,1181,168,40.2,5.8,102,49,3.5,1.6,0,12,0,1.1,52,56,1.8,1.9,58,52,2,1.7,107,66,3.6,2.2,1038,200,35.3,6.2,595,153,20.3,4.9,282,89,9.6,3.1,194,76,6.6,2.6,238,110,8.1,3.7,119,62,4.1,2.1,122,116,4.2,3.9,30,34,1,1.2,2937,238,2937,(X),2061,235,70.2,6.1,147,81,5,2.7,0,12,0,1.1,591,148,20.1,5,15,14,0.5,0.5,210,126,7.2,4.2
1400000US06075016300,6075016300,"Census Tract 163, San Francisco County, California",4469,542,4469,(X),2670,493,59.7,6.1,1799,278,40.3,6.1,94,68,2.1,1.5,60,56,1.3,1.3,52,51,1.2,1.1,142,117,3.2,2.5,283,123,6.3,3,1593,439,35.6,7.9,612,186,13.7,3.5,726,227,16.2,4.3,304,161,6.8,3.6,139,72,3.1,1.6,272,91,6.1,2.4,86,56,1.9,1.3,106,78,2.4,1.9,4469,542,4469,(X),2998,365,67.1,5.1,777,196,17.4,3.1,10,24,0.2,0.5,802,212,17.9,4.4,23,36,0.5,0.8,189,156,4.2,3.4
1400000US06075016400,6075016400,"Census Tract 164, San Francisco County, California",4320,435,4320,(X),2160,308,50,4.9,2160,296,50,4.9,156,119,3.6,2.6,115,58,2.7,1.2,40,32,0.9,0.7,41,40,0.9,0.9,241,160,5.6,3.7,1691,326,39.1,7.1,845,218,19.6,5,488,146,11.3,3.2,98,53,2.3,1.2,91,57,2.1,1.4,361,218,8.4,4.8,74,62,1.7,1.4,79,60,1.8,1.4,4320,435,4320,(X),3257,362,75.4,5.1,592,207,13.7,4.2,78,53,1.8,1.2,565,172,13.1,3.8,26,40,0.6,0.9,82,85,1.9,2
1400000US06075016500,6075016500,"Census Tract 165, San Francisco County, California",5890,497,5890,(X),2743,334,46.6,4.9,3147,421,53.4,4.9,362,149,6.1,2.4,158,89,2.7,1.5,75,65,1.3,1.1,160,129,2.7,2.1,263,133,4.5,2.3,1736,419,29.5,6.3,1195,263,20.3,4.3,851,303,14.4,5.2,305,160,5.2,2.7,187,117,3.2,1.9,344,144,5.8,2.3,232,119,3.9,2.1,22,29,0.4,0.5,5890,497,5890,(X),4312,428,73.2,6.9,680,445,11.5,7.2,28,39,0.5,0.7,666,242,11.3,4.2,0,17,0,0.5,379,290,6.4,4.9
1400000US06075016600,6075016600,"Census Tract 166, San Francisco County, California",5613,506,5613,(X),3102,410,55.3,4.6,2511,314,44.7,4.6,165,87,2.9,1.6,44,42,0.8,0.7,66,55,1.2,1,44,37,0.8,0.6,383,201,6.8,3.3,2494,457,44.4,6,951,215,16.9,4,412,155,7.3,2.7,408,134,7.3,2.3,271,110,4.8,2,279,98,5,1.8,85,51,1.5,0.9,11,18,0.2,0.3,5613,506,5613,(X),4577,539,81.5,6.4,181,127,3.2,2.3,157,124,2.8,2.2,966,335,17.2,5.7,66,64,1.2,1.1,107,100,1.9,1.8
1400000US06075016700,6075016700,"Census Tract 167, San Francisco County, California",4863,324,4863,(X),2599,234,53.4,4.1,2264,277,46.6,4.1,146,102,3,2.1,121,112,2.5,2.3,79,76,1.6,1.6,79,57,1.6,1.2,186,129,3.8,2.6,1514,302,31.1,5.6,1221,180,25.1,3.6,749,143,15.4,2.9,172,105,3.5,2,272,106,5.6,2.2,180,88,3.7,1.9,106,91,2.2,1.9,38,60,0.8,1.2,4863,324,4863,(X),4144,331,85.2,3.3,317,133,6.5,2.7,43,49,0.9,1,457,162,9.4,3.4,17,26,0.3,0.5,131,101,2.7,2.1
1400000US06075016801,6075016801,"Census Tract 168.01, San Francisco County, California",3232,257,3232,(X),1991,222,61.6,4.3,1241,163,38.4,4.3,114,92,3.5,2.7,83,52,2.6,1.6,38,29,1.2,0.9,10,17,0.3,0.5,79,46,2.4,1.4,1225,197,37.9,5.6,643,125,19.9,3.6,517,115,16,3.6,160,59,5,1.8,123,61,3.8,1.9,207,66,6.4,2,25,23,0.8,0.7,8,12,0.2,0.4,3232,257,3232,(X),2727,243,84.4,4.6,272,141,8.4,4.2,60,49,1.9,1.5,313,133,9.7,4,0,12,0,1,36,33,1.1,1
1400000US06075016802,6075016802,"Census Tract 168.02, San Francisco County, California",3293,330,3293,(X),1951,267,59.2,4.8,1342,195,40.8,4.8,61,57,1.9,1.7,58,43,1.8,1.2,54,48,1.6,1.4,88,47,2.7,1.4,168,78,5.1,2.2,951,174,28.9,4.8,757,172,23,4.7,573,160,17.4,4.5,139,60,4.2,1.8,160,66,4.9,2,178,57,5.4,1.8,71,52,2.2,1.6,35,33,1.1,1,3293,330,3293,(X),1966,256,59.7,6.7,198,98,6,2.9,75,61,2.3,1.8,683,161,20.7,5.1,19,21,0.6,0.7,402,242,12.2,6.7
1400000US06075016900,6075016900,"Census Tract 169, San Francisco County, California",2907,251,2907,(X),1970,212,67.8,4.2,937,146,32.2,4.2,123,52,4.2,1.8,65,37,2.2,1.2,76,37,2.6,1.2,37,34,1.3,1.1,37,31,1.3,1.1,834,181,28.7,5.4,566,113,19.5,4,645,120,22.2,3.5,130,65,4.5,2.3,130,53,4.5,1.7,166,63,5.7,2.1,75,48,2.6,1.7,23,22,0.8,0.8,2907,251,2907,(X),2374,246,81.7,4.1,200,106,6.9,3.6,9,15,0.3,0.5,426,86,14.7,2.8,12,18,0.4,0.6,33,29,1.1,1
1400000US06075017000,6075017000,"Census Tract 170, San Francisco County, California",3959,236,3959,(X),2429,224,61.4,5.2,1530,241,38.6,5.2,133,85,3.4,2.1,98,58,2.5,1.4,103,72,2.6,1.8,41,48,1,1.2,74,45,1.9,1.1,815,194,20.6,4.4,775,158,19.6,4,766,160,19.3,3.9,375,156,9.5,3.9,133,75,3.4,1.9,321,87,8.1,2.3,257,113,6.5,2.8,68,46,1.7,1.1,3959,236,3959,(X),3403,261,86,4.5,41,61,1,1.5,43,50,1.1,1.2,589,174,14.9,4.3,21,33,0.5,0.8,0,12,0,0.8
1400000US06075017101,6075017101,"Census Tract 171.01, San Francisco County, California",3814,284,3814,(X),2136,244,56,3.6,1678,150,44,3.6,191,66,5,1.6,156,59,4.1,1.5,172,69,4.5,1.8,57,35,1.5,0.9,101,74,2.6,1.9,880,198,23.1,4.5,861,136,22.6,3.3,570,121,14.9,2.9,238,93,6.2,2.4,199,72,5.2,2,248,73,6.5,2,102,53,2.7,1.4,39,34,1,0.9,3814,284,3814,(X),3392,250,88.9,3.3,278,137,7.3,3.4,35,52,0.9,1.4,258,113,6.8,2.8,0,12,0,0.8,74,59,1.9,1.5
1400000US06075017102,6075017102,"Census Tract 171.02, San Francisco County, California",3760,284,3760,(X),1768,183,47,3.4,1992,199,53,3.4,228,74,6.1,1.9,189,56,5,1.4,58,34,1.5,0.9,11,12,0.3,0.3,325,200,8.6,5.2,950,243,25.3,5.9,933,176,24.8,4.2,554,115,14.7,3.2,70,44,1.9,1.2,184,65,4.9,1.8,187,63,5,1.7,58,34,1.5,0.9,13,15,0.3,0.4,3760,284,3760,(X),3317,250,88.2,2.6,89,76,2.4,2,37,45,1,1.2,450,87,12,2.3,55,50,1.5,1.3,127,98,3.4,2.5
1400000US06075017601,6075017601,"Census Tract 176.01, San Francisco County, California",7834,768,7834,(X),4568,605,58.3,4.5,3266,446,41.7,4.5,125,120,1.6,1.5,363,183,4.6,2.2,232,126,3,1.6,232,129,3,1.6,462,234,5.9,2.9,1699,482,21.7,5.5,1130,333,14.4,4.1,1632,390,20.8,4.5,398,187,5.1,2.4,569,232,7.3,3.1,736,227,9.4,2.8,208,113,2.7,1.5,48,72,0.6,0.9,7834,768,7834,(X),2960,516,37.8,5.1,1008,292,12.9,3.9,188,209,2.4,2.7,3705,601,47.3,5.6,17,30,0.2,0.4,442,252,5.6,3.2
1400000US06075017700,6075017700,"Census Tract 177, San Francisco County, California",1791,234,1791,(X),1100,171,61.4,6.1,691,148,38.6,6.1,73,40,4.1,2.1,30,28,1.7,1.5,46,33,2.6,1.7,15,22,0.8,1.2,163,86,9.1,4.2,629,156,35.1,6.5,455,98,25.4,6.8,175,67,9.8,3.4,35,27,2,1.5,32,20,1.8,1.2,96,35,5.4,2.1,42,30,2.3,1.7,0,12,0,1.8,1791,234,1791,(X),890,139,49.7,8.9,41,28,2.3,1.5,140,129,7.8,7.5,384,136,21.4,7.2,69,80,3.9,4.4,447,266,25,12.8
1400000US06075017801,6075017801,"Census Tract 178.01, San Francisco County, California",3209,263,3209,(X),1163,171,36.2,4.7,2046,237,63.8,4.7,54,44,1.7,1.4,0,12,0,1,0,12,0,1,0,12,0,1,31,50,1,1.5,649,188,20.2,5.5,459,128,14.3,4.2,146,95,4.5,2.8,98,70,3.1,2.1,191,96,6,2.9,400,136,12.5,4,665,155,20.7,5,516,157,16.1,4.7,3209,263,3209,(X),1015,199,31.6,6.3,136,66,4.2,2,0,12,0,1,2003,293,62.4,6.3,0,12,0,1,55,53,1.7,1.7
1400000US06075017802,6075017802,"Census Tract 178.02, San Francisco County, California",4856,458,4856,(X),2820,264,58.1,5.3,2036,387,41.9,5.3,94,77,1.9,1.6,19,31,0.4,0.7,187,131,3.9,2.5,129,94,2.7,1.9,221,100,4.6,2,1270,290,26.2,4.9,951,203,19.6,4.4,919,215,18.9,4.2,405,193,8.3,3.6,278,119,5.7,2.5,221,131,4.6,2.7,128,74,2.6,1.6,34,37,0.7,0.8,4856,458,4856,(X),2262,351,46.6,7.2,782,275,16.1,5.3,76,73,1.6,1.5,1387,215,28.6,4.9,18,27,0.4,0.5,616,370,12.7,6.9
1400000US06075017902,6075017902,"Census Tract 179.02, San Francisco County, California",3090,470,3090,(X),1737,360,56.2,5.9,1353,233,43.8,5.9,64,43,2.1,1.3,51,38,1.7,1.1,153,68,5,2.2,485,114,15.7,3.3,742,304,24,7.2,737,185,23.9,5.8,367,111,11.9,3.6,245,89,7.9,2.9,105,53,3.4,1.7,87,50,2.8,1.6,51,32,1.7,1,3,7,0.1,0.2,0,12,0,1,3090,470,3090,(X),1294,277,41.9,6.4,863,265,27.9,6.5,198,100,6.4,3,566,199,18.3,6,76,57,2.5,1.8,579,173,18.7,5.5
1400000US06075018000,6075018000,"Census Tract 180, San Francisco County, California",3279,590,3279,(X),2157,455,65.8,5.1,1122,230,34.2,5.1,106,101,3.2,2.9,38,39,1.2,1.2,12,19,0.4,0.6,65,82,2,2.4,324,154,9.9,4.2,890,167,27.1,5,744,189,22.7,4.7,632,225,19.3,5.2,186,99,5.7,2.5,175,79,5.3,2.3,99,50,3,1.6,0,12,0,1,8,19,0.2,0.6,3279,590,3279,(X),1680,235,51.2,7.2,643,315,19.6,7.1,122,118,3.7,3.3,955,279,29.1,7.2,31,34,0.9,1.1,197,141,6,3.9
1400000US06075020100,6075020100,"Census Tract 201, San Francisco County, California",5959,548,5959,(X),3604,442,60.5,4.4,2355,323,39.5,4.4,254,121,4.3,1.9,125,91,2.1,1.4,92,95,1.5,1.6,73,71,1.2,1.2,325,118,5.5,2,1729,355,29,5.1,1235,325,20.7,4.7,788,249,13.2,4.2,366,153,6.1,2.6,383,177,6.4,3,264,102,4.4,1.7,268,100,4.5,1.7,57,53,1,0.9,5959,548,5959,(X),3200,638,53.7,10,286,145,4.8,2.4,186,173,3.1,2.8,1141,238,19.1,4,109,92,1.8,1.5,1416,630,23.8,10
1400000US06075020200,6075020200,"Census Tract 202, San Francisco County, California",6013,555,6013,(X),3684,492,61.3,4.8,2329,324,38.7,4.8,241,127,4,2,152,73,2.5,1.1,64,64,1.1,1.1,49,58,0.8,1,303,186,5,2.9,1769,312,29.4,4.7,1113,271,18.5,4.4,773,221,12.9,3,537,176,8.9,3.1,182,96,3,1.6,459,148,7.6,2.6,254,130,4.2,2.2,117,115,1.9,1.9,6013,555,6013,(X),4292,514,71.4,5.2,260,170,4.3,2.9,23,29,0.4,0.5,1210,323,20.1,4.9,14,24,0.2,0.4,509,279,8.5,4.6
1400000US06075020300,6075020300,"Census Tract 203, San Francisco County, California",3161,241,3161,(X),1943,187,61.5,3.9,1218,160,38.5,3.9,80,52,2.5,1.6,55,34,1.7,1.1,38,37,1.2,1.2,36,43,1.1,1.4,235,108,7.4,3.2,932,164,29.5,4.8,565,124,17.9,3.7,397,117,12.6,3.5,198,66,6.3,2.1,243,84,7.7,2.6,256,73,8.1,2.4,73,56,2.3,1.7,53,64,1.7,2,3161,241,3161,(X),2407,254,76.1,5.6,67,54,2.1,1.7,50,42,1.6,1.3,548,146,17.3,4.5,0,12,0,1,251,113,7.9,3.5
1400000US06075020401,6075020401,"Census Tract 204.01, San Francisco County, California",3118,244,3118,(X),1929,201,61.9,4.9,1189,188,38.1,4.9,126,68,4,2.2,50,35,1.6,1.1,19,19,0.6,0.6,38,27,1.2,0.8,129,74,4.1,2.3,646,191,20.7,5.5,813,170,26.1,5.1,675,164,21.6,5.2,183,70,5.9,2.3,143,49,4.6,1.6,236,48,7.6,1.6,40,30,1.3,1,20,19,0.6,0.6,3118,244,3118,(X),2509,241,80.5,3.7,103,75,3.3,2.5,124,97,4,3.1,527,120,16.9,3.6,12,19,0.4,0.6,45,38,1.4,1.2
1400000US06075020402,6075020402,"Census Tract 204.02, San Francisco County, California",4461,357,4461,(X),2717,344,60.9,5.5,1744,271,39.1,5.5,156,87,3.5,2,83,59,1.9,1.3,63,67,1.4,1.5,24,29,0.5,0.6,69,61,1.5,1.3,1318,357,29.5,6.6,936,222,21,5.2,747,171,16.7,4,264,121,5.9,2.8,193,101,4.3,2.3,276,107,6.2,2.5,204,99,4.6,2.2,128,107,2.9,2.4,4461,357,4461,(X),3353,362,75.2,5.6,160,122,3.6,2.7,63,57,1.4,1.3,710,239,15.9,5.3,15,22,0.3,0.5,385,279,8.6,6.1
1400000US06075020500,6075020500,"Census Tract 205, San Francisco County, California",2890,192,2890,(X),1832,140,63.4,3.6,1058,137,36.6,3.6,97,68,3.4,2.3,150,72,5.2,2.4,13,17,0.4,0.6,29,32,1,1.1,55,47,1.9,1.6,725,136,25.1,4.7,475,119,16.4,4,660,100,22.8,3.1,175,77,6.1,2.6,164,56,5.7,1.9,267,48,9.2,1.8,35,24,1.2,0.8,45,36,1.6,1.2,2890,192,2890,(X),2530,188,87.5,3.6,59,52,2,1.8,9,17,0.3,0.6,310,116,10.7,3.9,6,12,0.2,0.4,77,64,2.7,2.2
1400000US06075020600,6075020600,"Census Tract 206, San Francisco County, California",5052,368,5052,(X),3086,352,61.1,5.4,1966,308,38.9,5.4,240,119,4.8,2.3,57,41,1.1,0.8,52,40,1,0.8,56,43,1.1,0.8,167,102,3.3,2,1333,319,26.4,5.7,999,228,19.8,4.5,911,196,18,3.8,436,143,8.6,2.9,173,86,3.4,1.7,364,134,7.2,2.5,133,103,2.6,2,131,98,2.6,2,5052,368,5052,(X),4146,375,82.1,4,133,102,2.6,2,30,36,0.6,0.7,866,226,17.1,4.4,60,91,1.2,1.8,159,102,3.1,2
1400000US06075020700,6075020700,"Census Tract 207, San Francisco County, California",5169,582,5169,(X),2614,464,50.6,5,2555,294,49.4,5,158,99,3.1,1.7,128,77,2.5,1.4,47,48,0.9,0.9,43,44,0.8,0.8,265,194,5.1,3.5,2073,392,40.1,5.9,1243,262,24,4.6,592,167,11.5,3.2,120,71,2.3,1.4,180,110,3.5,2.3,264,55,5.1,1.2,46,36,0.9,0.7,10,20,0.2,0.4,5169,582,5169,(X),3844,502,74.4,5.2,137,90,2.7,1.8,84,73,1.6,1.4,1009,228,19.5,3.6,0,17,0,0.6,460,171,8.9,3.2
1400000US06075020800,6075020800,"Census Tract 208, San Francisco County, California",6292,492,6292,(X),3818,357,60.7,4.9,2474,414,39.3,4.9,202,130,3.2,2,236,224,3.8,3.6,24,39,0.4,0.6,128,115,2,1.8,453,188,7.2,2.7,1891,366,30.1,5.5,1356,250,21.6,4.1,867,240,13.8,3.6,292,128,4.6,2,153,101,2.4,1.6,398,167,6.3,2.5,178,95,2.8,1.5,114,82,1.8,1.3,6292,492,6292,(X),3702,531,58.8,6.7,204,118,3.2,1.9,109,97,1.7,1.5,1278,279,20.3,4.6,62,79,1,1.3,1293,458,20.5,6.9
1400000US06075020900,6075020900,"Census Tract 209, San Francisco County, California",4927,345,4927,(X),2723,305,55.3,4.8,2204,282,44.7,4.8,79,50,1.6,1,219,93,4.4,1.9,222,121,4.5,2.4,97,58,2,1.2,357,127,7.2,2.5,1284,248,26.1,4.5,920,165,18.7,3.1,724,191,14.7,3.8,260,136,5.3,2.7,310,104,6.3,2.1,268,81,5.4,1.7,107,53,2.2,1.1,80,67,1.6,1.4,4927,345,4927,(X),2875,377,58.4,6.4,96,52,1.9,1,185,170,3.8,3.5,799,206,16.2,4.2,0,12,0,0.7,1160,298,23.5,5.7
1400000US06075021000,6075021000,"Census Tract 210, San Francisco County, California",4618,411,4618,(X),2732,436,59.2,6.2,1886,281,40.8,6.2,142,103,3.1,2.2,170,52,3.7,1.1,108,64,2.3,1.4,28,29,0.6,0.6,75,70,1.6,1.5,1375,432,29.8,7.7,1169,250,25.3,5.1,466,146,10.1,3.2,104,76,2.3,1.7,466,152,10.1,3.2,373,128,8.1,3,87,73,1.9,1.6,55,53,1.2,1.1,4618,411,4618,(X),3540,401,76.7,7.4,170,119,3.7,2.5,20,47,0.4,1,862,267,18.7,4.8,46,53,1,1.2,445,271,9.6,5.8
1400000US06075021100,6075021100,"Census Tract 211, San Francisco County, California",4180,271,4180,(X),2093,193,50.1,3.3,2087,193,49.9,3.3,234,84,5.6,2,223,110,5.3,2.5,85,56,2,1.3,103,82,2.5,2,95,80,2.3,1.9,1008,222,24.1,5,833,162,19.9,3.9,751,175,18,3.8,146,68,3.5,1.7,133,60,3.2,1.5,311,76,7.4,1.8,195,82,4.7,2,63,48,1.5,1.1,4180,271,4180,(X),3438,309,82.2,4.7,89,83,2.1,2,30,31,0.7,0.7,720,203,17.2,4.5,0,12,0,0.8,131,128,3.1,3.1
1400000US06075021200,6075021200,"Census Tract 212, San Francisco County, California",3098,247,3098,(X),1532,198,49.5,5,1566,195,50.5,5,236,96,7.6,3,188,104,6.1,3.2,161,81,5.2,2.6,55,36,1.8,1.2,89,68,2.9,2.2,391,144,12.6,4.3,590,157,19,4.5,536,141,17.3,4.9,256,97,8.3,3.2,193,81,6.2,2.6,317,101,10.2,3.3,63,50,2,1.7,23,24,0.7,0.8,3098,247,3098,(X),2726,229,88,3.4,164,199,5.3,6.4,53,40,1.7,1.3,379,93,12.2,2.8,10,16,0.3,0.5,37,32,1.2,1
1400000US06075021300,6075021300,"Census Tract 213, San Francisco County, California",2714,203,2714,(X),1549,197,57.1,4.8,1165,132,42.9,4.8,210,130,7.7,4.6,113,66,4.2,2.4,139,60,5.1,2.3,27,25,1,0.9,17,17,0.6,0.6,498,156,18.3,5.6,619,149,22.8,4.8,436,75,16.1,2.9,162,56,6,2.2,182,72,6.7,2.7,192,59,7.1,2.1,87,35,3.2,1.3,32,25,1.2,0.9,2714,203,2714,(X),2244,216,82.7,6.3,17,21,0.6,0.8,19,24,0.7,0.9,574,185,21.1,6.3,39,45,1.4,1.7,71,57,2.6,2.1
1400000US06075021400,6075021400,"Census Tract 214, San Francisco County, California",3736,269,3736,(X),1883,168,50.4,4.3,1853,243,49.6,4.3,322,84,8.6,2.1,94,49,2.5,1.3,73,44,2,1.1,69,43,1.8,1.1,135,70,3.6,1.9,987,201,26.4,4.5,705,104,18.9,2.4,487,95,13,2.5,205,64,5.5,1.8,208,58,5.6,1.6,309,65,8.3,1.7,84,60,2.2,1.6,58,39,1.6,1,3736,269,3736,(X),2921,254,78.2,4.3,34,30,0.9,0.8,43,36,1.2,1,669,157,17.9,3.7,40,37,1.1,1,126,78,3.4,2.1
1400000US06075021500,6075021500,"Census Tract 215, San Francisco County, California",4920,313,4920,(X),2468,253,50.2,4.8,2452,309,49.8,4.8,298,145,6.1,2.8,153,61,3.1,1.3,247,94,5,1.9,62,45,1.3,0.9,33,38,0.7,0.8,988,276,20.1,5.1,1314,281,26.7,5.5,881,209,17.9,4.2,320,183,6.5,3.8,269,122,5.5,2.5,163,91,3.3,1.9,96,74,2,1.5,96,97,2,2,4920,313,4920,(X),4064,439,82.6,5.7,152,99,3.1,2.1,32,36,0.7,0.7,629,256,12.8,5.3,42,51,0.9,1,100,99,2,2
1400000US06075021600,6075021600,"Census Tract 216, San Francisco County, California",4551,439,4551,(X),2481,328,54.5,4.8,2070,292,45.5,4.8,204,121,4.5,2.6,86,70,1.9,1.6,111,65,2.4,1.5,162,97,3.6,2.1,383,232,8.4,4.6,810,246,17.8,4.7,693,189,15.2,4.3,787,157,17.3,3.6,342,152,7.5,3.3,280,98,6.2,2.1,435,128,9.6,2.9,184,73,4,1.7,74,51,1.6,1.2,4551,439,4551,(X),3003,383,66,8.2,368,171,8.1,3.9,109,85,2.4,1.9,947,177,20.8,4,25,39,0.5,0.9,417,424,9.2,8.8
1400000US06075021700,6075021700,"Census Tract 217, San Francisco County, California",4094,298,4094,(X),2226,260,54.4,3.9,1868,179,45.6,3.9,239,131,5.8,3.2,210,156,5.1,3.9,200,75,4.9,1.8,117,71,2.9,1.7,145,92,3.5,2.2,445,178,10.9,4,713,143,17.4,3.3,661,173,16.1,4.1,390,163,9.5,3.9,272,92,6.6,2.4,445,128,10.9,3,185,68,4.5,1.7,72,45,1.8,1.1,4094,298,4094,(X),2606,235,63.7,4.6,426,151,10.4,3.5,41,37,1,0.9,815,148,19.9,3.4,13,23,0.3,0.6,335,134,8.2,3.1
1400000US06075021800,6075021800,"Census Tract 218, San Francisco County, California",4112,229,4112,(X),2182,179,53.1,3.4,1930,180,46.9,3.4,288,78,7,1.8,192,61,4.7,1.4,108,56,2.6,1.4,121,72,2.9,1.8,66,58,1.6,1.4,782,182,19,4,817,146,19.9,3.4,543,133,13.2,3.1,178,75,4.3,1.9,314,99,7.6,2.4,524,112,12.7,2.8,115,49,2.8,1.2,64,48,1.6,1.2,4112,229,4112,(X),3387,225,82.4,3.7,179,95,4.4,2.3,105,88,2.6,2.1,520,126,12.6,2.9,0,12,0,0.8,155,101,3.8,2.5
1400000US06075022600,6075022600,"Census Tract 226, San Francisco County, California",2082,166,2082,(X),1177,132,56.5,4.4,905,117,43.5,4.4,150,64,7.2,2.8,26,19,1.2,0.9,55,44,2.6,2.1,0,12,0,1.5,39,27,1.9,1.3,784,121,37.7,5.3,585,123,28.1,5.7,246,77,11.8,3.5,59,28,2.8,1.3,39,25,1.9,1.2,80,43,3.8,2.1,9,16,0.4,0.7,10,11,0.5,0.5,2082,166,2082,(X),1491,170,71.6,6.6,181,120,8.7,5.5,9,13,0.4,0.6,523,127,25.1,6,0,12,0,1.5,12,17,0.6,0.8
1400000US06075022702,6075022702,"Census Tract 227.02, San Francisco County, California",2239,153,2239,(X),1221,88,54.5,3,1018,112,45.5,3,164,55,7.3,2.3,71,29,3.2,1.3,30,23,1.3,1,42,33,1.9,1.4,81,45,3.6,2,660,124,29.5,4.8,454,98,20.3,4.3,309,74,13.8,3.4,169,77,7.5,3.4,84,34,3.8,1.5,124,46,5.5,2.1,32,26,1.4,1.1,19,23,0.8,1,2239,153,2239,(X),1797,156,80.3,4.5,98,72,4.4,3.3,38,49,1.7,2.2,370,105,16.5,4.3,0,12,0,1.4,61,40,2.7,1.8
1400000US06075022704,6075022704,"Census Tract 227.04, San Francisco County, California",3411,230,3411,(X),1781,158,52.2,3.7,1630,180,47.8,3.7,217,93,6.4,2.6,99,58,2.9,1.7,94,55,2.8,1.6,81,48,2.4,1.4,96,70,2.8,2,606,134,17.8,3.4,856,168,25.1,4.9,513,132,15,3.9,304,89,8.9,2.5,169,63,5,1.8,179,64,5.2,1.9,115,49,3.4,1.4,82,34,2.4,1,3411,230,3411,(X),2714,196,79.6,4.8,53,35,1.6,1,13,17,0.4,0.5,790,242,23.2,6.3,0,12,0,0.9,63,56,1.8,1.6
1400000US06075022801,6075022801,"Census Tract 228.01, San Francisco County, California",5278,444,5278,(X),2877,357,54.5,4.3,2401,281,45.5,4.3,340,135,6.4,2.5,284,163,5.4,2.9,200,96,3.8,1.7,111,65,2.1,1.2,221,109,4.2,2,1469,270,27.8,5,1025,196,19.4,3.1,785,145,14.9,2.7,250,81,4.7,1.6,231,146,4.4,2.7,265,91,5,1.8,97,66,1.8,1.3,0,17,0,0.6,5278,444,5278,(X),3029,430,57.4,7.4,200,118,3.8,2.2,9,14,0.2,0.3,1054,216,20,4.1,10,16,0.2,0.3,1272,468,24.1,8.1
1400000US06075022802,6075022802,"Census Tract 228.02, San Francisco County, California",2402,284,2402,(X),1163,178,48.4,6,1239,228,51.6,6,118,69,4.9,2.6,84,53,3.5,2.1,16,19,0.7,0.8,84,47,3.5,1.9,176,95,7.3,3.8,573,138,23.9,5.3,410,117,17.1,4.4,218,89,9.1,3.7,181,73,7.5,2.8,117,65,4.9,2.6,200,92,8.3,3.6,141,72,5.9,3.1,84,40,3.5,1.7,2402,284,2402,(X),1443,297,60.1,8.7,116,72,4.8,2.9,49,46,2,1.9,366,117,15.2,5,7,10,0.3,0.4,555,187,23.1,7.6
1400000US06075022803,6075022803,"Census Tract 228.03, San Francisco County, California",4637,456,4637,(X),2362,252,50.9,3,2275,280,49.1,3,290,110,6.3,2.2,209,92,4.5,1.8,150,79,3.2,1.6,143,64,3.1,1.4,330,117,7.1,2.4,1104,178,23.8,3.8,924,192,19.9,3.6,750,173,16.2,3.2,202,88,4.4,2,245,93,5.3,1.9,145,59,3.1,1.2,69,50,1.5,1.1,76,44,1.6,0.9,4637,456,4637,(X),2824,411,60.9,6.8,110,68,2.4,1.5,66,70,1.4,1.5,594,138,12.8,3,0,12,0,0.7,1160,357,25,6.9
1400000US06075022901,6075022901,"Census Tract 229.01, San Francisco County, California",5691,508,5691,(X),3175,411,55.8,4,2516,268,44.2,4,494,121,8.7,2,328,124,5.8,2.1,254,90,4.5,1.5,198,100,3.5,1.7,522,238,9.2,3.8,1364,298,24,5.3,1029,231,18.1,3.2,834,162,14.7,2.9,220,94,3.9,1.6,110,77,1.9,1.3,123,42,2.2,0.7,102,54,1.8,0.9,113,67,2,1.3,5691,508,5691,(X),3274,636,57.5,11.3,228,187,4,3.4,82,70,1.4,1.2,510,223,9,3.8,10,17,0.2,0.3,1830,673,32.2,10.4
1400000US06075022902,6075022902,"Census Tract 229.02, San Francisco County, California",2712,223,2712,(X),1566,160,57.7,3.4,1146,130,42.3,3.4,136,78,5,2.8,82,49,3,1.8,81,39,3,1.3,125,63,4.6,2.2,195,122,7.2,4.3,665,142,24.5,4.9,596,103,22,3.8,260,85,9.6,2.9,130,81,4.8,3.1,155,64,5.7,2.4,157,56,5.8,2.1,109,31,4,1.1,21,18,0.8,0.7,2712,223,2712,(X),1979,253,73,7.1,235,199,8.7,7.2,37,35,1.4,1.3,265,93,9.8,3.3,22,37,0.8,1.4,428,209,15.8,7.7
1400000US06075022903,6075022903,"Census Tract 229.03, San Francisco County, California",3148,336,3148,(X),1524,192,48.4,3.8,1624,220,51.6,3.8,197,115,6.3,3.3,194,82,6.2,2.3,52,41,1.7,1.3,65,40,2.1,1.3,126,88,4,2.7,892,220,28.3,6.5,703,171,22.3,4.9,310,120,9.8,3.7,152,75,4.8,2.3,148,60,4.7,2.1,169,50,5.4,1.7,87,42,2.8,1.3,53,42,1.7,1.4,3148,336,3148,(X),1729,267,54.9,7.8,98,69,3.1,2.3,58,50,1.8,1.6,539,123,17.1,4.2,57,88,1.8,2.8,1005,367,31.9,9.4
1400000US06075023001,6075023001,"Census Tract 230.01, San Francisco County, California",5204,544,5204,(X),2550,289,49,2.6,2654,318,51,2.6,283,119,5.4,1.9,177,86,3.4,1.5,275,118,5.3,1.9,230,94,4.4,1.7,315,94,6.1,1.8,857,206,16.5,3.4,577,200,11.1,3.3,712,176,13.7,3.3,483,131,9.3,2.6,594,145,11.4,3.1,438,129,8.4,2.5,158,66,3,1.3,105,58,2,1.1,5204,544,5204,(X),718,226,13.8,4.1,626,147,12,2.8,76,82,1.5,1.6,3944,493,75.8,4.3,12,19,0.2,0.4,115,88,2.2,1.7
1400000US06075023003,6075023003,"Census Tract 230.03, San Francisco County, California",4330,414,4330,(X),2067,314,47.7,5.8,2263,339,52.3,5.8,159,99,3.7,2.2,340,108,7.9,2.4,189,93,4.4,2.1,159,69,3.7,1.6,319,106,7.4,2.2,763,188,17.6,3.6,532,138,12.3,3.2,549,147,12.7,3.2,311,109,7.2,2.6,406,113,9.4,2.3,382,93,8.8,2.2,194,72,4.5,1.8,27,26,0.6,0.6,4330,414,4330,(X),722,230,16.7,5.5,1297,407,30,8,26,28,0.6,0.6,2112,262,48.8,5.7,17,25,0.4,0.6,330,186,7.6,4.2
1400000US06075023102,6075023102,"Census Tract 231.02, San Francisco County, California",4653,402,4653,(X),2108,290,45.3,4.3,2545,273,54.7,4.3,557,208,12,4.2,401,158,8.6,3.1,353,152,7.6,3,205,74,4.4,1.6,310,108,6.7,2.2,967,223,20.8,4.6,561,154,12.1,3.2,333,113,7.2,2.4,316,104,6.8,2.3,220,83,4.7,1.8,220,71,4.7,1.6,188,71,4,1.6,22,21,0.5,0.5,4653,402,4653,(X),352,164,7.6,3.7,3067,444,65.9,6.6,102,123,2.2,2.6,656,228,14.1,5,262,206,5.6,4.4,409,310,8.8,6.6
1400000US06075023103,6075023103,"Census Tract 231.03, San Francisco County, California",2904,335,2904,(X),1315,269,45.3,7.4,1589,273,54.7,7.4,281,160,9.7,5.2,544,146,18.7,4.7,258,145,8.9,4.4,208,98,7.2,3.3,210,92,7.2,3.1,462,120,15.9,3.8,309,98,10.6,3.7,337,83,11.6,2.6,87,49,3,1.7,66,40,2.3,1.4,86,49,3,1.7,56,36,1.9,1.2,0,12,0,1.1,2904,335,2904,(X),287,140,9.9,4.7,1731,276,59.6,8.6,16,24,0.6,0.8,386,221,13.3,7.5,487,217,16.8,7.6,446,295,15.4,9.4
1400000US06075023200,6075023200,"Census Tract 232, San Francisco County, California",4414,656,4414,(X),2073,320,47,3.6,2341,406,53,3.6,297,213,6.7,4.2,302,116,6.8,2.7,355,158,8,3.1,250,118,5.7,2.7,317,121,7.2,2.5,649,280,14.7,5.1,613,169,13.9,4.2,670,137,15.2,3,299,123,6.8,2.4,230,103,5.2,2.3,254,73,5.8,1.8,47,37,1.1,0.9,131,78,3,1.7,4414,656,4414,(X),1265,459,28.7,9.6,1717,319,38.9,6.3,23,24,0.5,0.5,491,145,11.1,3.6,296,323,6.7,7.1,1020,526,23.1,10.3
1400000US06075023300,6075023300,"Census Tract 233, San Francisco County, California",3203,289,3203,(X),1565,187,48.9,2.9,1638,153,51.1,2.9,172,76,5.4,2.1,159,65,5,2.2,181,59,5.7,1.8,166,58,5.2,1.8,129,55,4,1.7,539,141,16.8,3.8,454,115,14.2,3.7,523,117,16.3,3,254,83,7.9,2.4,234,90,7.3,2.6,253,70,7.9,2.5,126,58,3.9,1.7,13,14,0.4,0.4,3203,289,3203,(X),450,138,14,4.3,296,96,9.2,3,0,12,0,1,2062,225,64.4,7.1,0,12,0,1,419,275,13.1,8
1400000US06075023400,6075023400,"Census Tract 234, San Francisco County, California",3176,439,3176,(X),1574,255,49.6,3.6,1602,237,50.4,3.6,220,142,6.9,3.8,331,154,10.4,4.2,198,83,6.2,2.4,195,92,6.1,2.8,277,118,8.7,3.4,474,139,14.9,3.5,388,106,12.2,3.2,329,97,10.4,3.1,205,71,6.5,2.3,209,68,6.6,2.2,184,60,5.8,2,103,55,3.2,1.9,63,32,2,1,3176,439,3176,(X),569,293,17.9,9.1,935,221,29.4,6.4,22,23,0.7,0.7,824,194,25.9,6.6,226,178,7.1,5.6,970,393,30.5,9.4
1400000US06075025100,6075025100,"Census Tract 251, San Francisco County, California",3620,235,3620,(X),1858,176,51.3,3.1,1762,151,48.7,3.1,233,102,6.4,2.7,134,54,3.7,1.5,116,70,3.2,1.9,101,68,2.8,1.9,130,50,3.6,1.3,578,188,16,4.8,767,167,21.2,4.7,501,128,13.8,3.3,273,80,7.5,2.3,363,91,10,2.6,237,69,6.5,1.9,127,51,3.5,1.4,60,40,1.7,1.1,3620,235,3620,(X),2499,260,69,5.2,297,162,8.2,4.6,59,57,1.6,1.6,778,214,21.5,5.4,0,12,0,0.9,178,85,4.9,2.4
1400000US06075025200,6075025200,"Census Tract 252, San Francisco County, California",5845,452,5845,(X),3046,342,52.1,4.6,2799,359,47.9,4.6,501,177,8.6,2.9,223,94,3.8,1.6,189,129,3.2,2.1,125,85,2.1,1.4,255,129,4.4,2.2,1585,334,27.1,5.6,955,214,16.3,3.3,596,160,10.2,2.7,457,163,7.8,2.8,345,112,5.9,1.9,469,170,8,2.9,102,71,1.7,1.2,43,43,0.7,0.7,5845,452,5845,(X),4590,490,78.5,7.1,265,173,4.5,2.9,16,24,0.3,0.4,883,265,15.1,4,20,32,0.3,0.5,448,352,7.7,5.9
1400000US06075025300,6075025300,"Census Tract 253, San Francisco County, California",4349,268,4349,(X),2325,225,53.5,4.1,2024,219,46.5,4.1,270,93,6.2,2,209,61,4.8,1.4,83,43,1.9,1,79,48,1.8,1.1,218,95,5,2.1,836,222,19.2,4.9,1041,171,23.9,3.5,651,140,15,3.1,285,103,6.6,2.5,229,87,5.3,1.9,227,79,5.2,1.8,82,54,1.9,1.2,139,59,3.2,1.4,4349,268,4349,(X),2959,273,68,6.7,227,117,5.2,2.6,132,105,3,2.4,588,155,13.5,3.3,17,26,0.4,0.6,771,314,17.7,6.9
1400000US06075025401,6075025401,"Census Tract 254.01, San Francisco County, California",4044,627,4044,(X),1985,362,49.1,4.3,2059,353,50.9,4.3,144,89,3.6,1.9,239,121,5.9,2.9,373,119,9.2,2.3,230,105,5.7,2.5,171,105,4.2,2.3,602,187,14.9,3.8,650,167,16.1,3.1,876,185,21.7,5.2,219,84,5.4,2.4,228,90,5.6,1.8,185,107,4.6,2.3,76,59,1.9,1.4,51,52,1.3,1.3,4044,627,4044,(X),2070,376,51.2,12.1,332,258,8.2,6.4,2,4,0,0.1,580,220,14.3,5.7,14,21,0.3,0.5,1281,696,31.7,14
1400000US06075025402,6075025402,"Census Tract 254.02, San Francisco County, California",2965,212,2965,(X),1552,179,52.3,3.4,1413,110,47.7,3.4,259,95,8.7,3,65,54,2.2,1.8,54,44,1.8,1.5,75,36,2.5,1.2,123,62,4.1,2,413,136,13.9,4.5,680,120,22.9,3.4,477,109,16.1,3.4,239,74,8.1,2.6,137,57,4.6,1.9,250,92,8.4,3.2,159,61,5.4,2,34,31,1.1,1,2965,212,2965,(X),1847,294,62.3,8.6,90,72,3,2.4,28,33,0.9,1.1,972,170,32.8,5.3,0,12,0,1.1,226,149,7.6,5
1400000US06075025403,6075025403,"Census Tract 254.03, San Francisco County, California",5315,484,5315,(X),2756,349,51.9,4,2559,291,48.1,4,362,145,6.8,2.7,326,87,6.1,1.7,215,95,4,1.8,286,125,5.4,2.2,196,91,3.7,1.6,1100,243,20.7,3.7,875,225,16.5,3.8,853,171,16,3.2,265,132,5,2.5,282,92,5.3,1.7,286,82,5.4,1.5,209,77,3.9,1.4,60,32,1.1,0.6,5315,484,5315,(X),2156,365,40.6,6.8,541,162,10.2,3.1,84,67,1.6,1.3,1495,333,28.1,5.2,0,17,0,0.6,1324,345,24.9,5.9
1400000US06075025500,6075025500,"Census Tract 255, San Francisco County, California",9446,813,9446,(X),4877,458,51.6,3.5,4569,575,48.4,3.5,794,271,8.4,2.7,457,175,4.8,1.7,456,193,4.8,1.9,370,172,3.9,1.9,519,199,5.5,2,1688,446,17.9,4.2,1302,254,13.8,2.7,1371,337,14.5,3.1,586,181,6.2,1.9,504,153,5.3,1.6,757,216,8,2.4,463,177,4.9,1.8,179,120,1.9,1.3,9446,813,9446,(X),3586,584,38,6.3,114,99,1.2,1,53,70,0.6,0.7,4133,759,43.8,6,13,21,0.1,0.2,1831,631,19.4,6.7
1400000US06075025600,6075025600,"Census Tract 256, San Francisco County, California",5504,431,5504,(X),2896,281,52.6,2.9,2608,256,47.4,2.9,261,114,4.7,1.9,325,105,5.9,1.9,203,81,3.7,1.5,211,95,3.8,1.7,322,118,5.9,2.2,768,200,14,3.1,834,146,15.2,2.5,905,181,16.4,2.9,343,112,6.2,1.9,442,112,8,2.1,517,136,9.4,2.4,263,110,4.8,2,110,49,2,0.9,5504,431,5504,(X),1743,307,31.7,4.9,251,111,4.6,2,113,113,2.1,2,3204,385,58.2,4.8,0,17,0,0.6,443,237,8,4.4
1400000US06075025701,6075025701,"Census Tract 257.01, San Francisco County, California",5116,454,5116,(X),2645,327,51.7,4.5,2471,319,48.3,4.5,146,102,2.9,1.9,283,103,5.5,2,227,89,4.4,1.7,294,124,5.7,2.3,372,101,7.3,2,758,230,14.8,3.7,788,156,15.4,3,714,128,14,2.9,358,121,7,2.2,254,126,5,2.3,460,89,9,2.1,328,107,6.4,2,134,66,2.6,1.3,5116,454,5116,(X),978,374,19.1,6.8,214,124,4.2,2.4,10,18,0.2,0.3,3149,390,61.6,5.6,26,36,0.5,0.7,836,278,16.3,5.5
1400000US06075025702,6075025702,"Census Tract 257.02, San Francisco County, California",4739,554,4739,(X),2207,337,46.6,3.6,2532,309,53.4,3.6,283,155,6,2.9,179,88,3.8,1.7,338,127,7.1,2.4,204,73,4.3,1.5,310,105,6.5,2.5,694,258,14.6,4.6,645,115,13.6,2.5,625,207,13.2,4,253,95,5.3,2,389,125,8.2,2.7,512,152,10.8,3.2,192,91,4.1,1.8,115,71,2.4,1.6,4739,554,4739,(X),561,223,11.8,4.5,120,137,2.5,2.9,9,14,0.2,0.3,3067,445,64.7,7.7,25,39,0.5,0.8,984,396,20.8,7.4
1400000US06075025800,6075025800,"Census Tract 258, San Francisco County, California",2061,215,2061,(X),915,139,44.4,4.4,1146,143,55.6,4.4,167,98,8.1,4.3,77,34,3.7,1.6,154,48,7.5,2.1,112,54,5.4,2.7,96,42,4.7,1.9,247,82,12,3.4,310,63,15,3.2,260,74,12.6,3.3,206,56,10,2.9,127,51,6.2,2.4,186,61,9,3,101,40,4.9,2,18,16,0.9,0.8,2061,215,2061,(X),762,244,37,10.2,190,107,9.2,5.4,58,61,2.8,2.9,900,210,43.7,9.5,0,12,0,1.6,257,151,12.5,7.5
1400000US06075025900,6075025900,"Census Tract 259, San Francisco County, California",4498,464,4498,(X),2178,261,48.4,3.6,2320,301,51.6,3.6,134,82,3,1.8,371,141,8.2,2.6,101,67,2.2,1.4,190,83,4.2,1.7,190,78,4.2,1.7,802,226,17.8,4.1,692,120,15.4,2.7,587,165,13.1,3.8,405,133,9,2.9,320,121,7.1,2.6,308,102,6.8,2.3,239,91,5.3,2.1,159,72,3.5,1.6,4498,464,4498,(X),1725,314,38.4,6.7,365,79,8.1,1.9,62,56,1.4,1.2,2046,331,45.5,5.2,55,84,1.2,1.8,534,331,11.9,6.8
1400000US06075026001,6075026001,"Census Tract 260.01, San Francisco County, California",5901,476,5901,(X),2759,273,46.8,3.2,3142,336,53.2,3.2,405,125,6.9,1.9,311,97,5.3,1.5,293,113,5,1.8,336,118,5.7,1.9,411,111,7,1.9,914,279,15.5,4.3,705,159,11.9,2.5,1076,166,18.2,2.4,382,116,6.5,2,383,119,6.5,2.1,423,97,7.2,1.7,183,89,3.1,1.6,79,48,1.3,0.8,5901,476,5901,(X),2036,483,34.5,7.4,427,194,7.2,3.2,87,95,1.5,1.6,2329,343,39.5,5.6,99,157,1.7,2.6,1380,372,23.4,6
1400000US06075026002,6075026002,"Census Tract 260.02, San Francisco County, California",3359,291,3359,(X),1776,213,52.9,4.1,1583,185,47.1,4.1,111,52,3.3,1.5,137,47,4.1,1.4,147,46,4.4,1.3,131,58,3.9,1.8,156,56,4.6,1.6,496,101,14.8,3,468,110,13.9,3.2,561,134,16.7,3.8,275,82,8.2,2.5,215,61,6.4,1.8,289,80,8.6,2.3,129,54,3.8,1.5,244,190,7.3,5.3,3359,291,3359,(X),1367,319,40.7,7.8,186,97,5.5,2.8,78,81,2.3,2.4,1279,190,38.1,6,0,12,0,1,551,157,16.4,4.5
1400000US06075026003,6075026003,"Census Tract 260.03, San Francisco County, California",5261,557,5261,(X),2643,382,50.2,4.6,2618,355,49.8,4.6,227,118,4.3,2.2,374,160,7.1,2.9,257,100,4.9,1.8,301,154,5.7,2.7,265,98,5,2,1091,333,20.7,5.2,747,191,14.2,3.5,673,150,12.8,2.7,266,95,5.1,1.8,341,102,6.5,2.1,329,101,6.3,1.9,281,103,5.3,1.9,109,64,2.1,1.3,5261,557,5261,(X),1870,545,35.5,10.8,86,58,1.6,1.1,56,65,1.1,1.2,1938,547,36.8,10.3,2,5,0,0.1,1419,654,27,11.2
1400000US06075026004,6075026004,"Census Tract 260.04, San Francisco County, California",4924,536,4924,(X),2705,349,54.9,3.8,2219,304,45.1,3.8,195,101,4,1.9,300,126,6.1,2.2,57,46,1.2,0.9,205,88,4.2,1.7,295,81,6,1.7,1037,329,21.1,5.6,777,194,15.8,3.6,563,160,11.4,3,472,178,9.6,3.7,461,143,9.4,2.9,343,134,7,2.7,188,87,3.8,1.8,31,29,0.6,0.6,4924,536,4924,(X),1800,360,36.6,5.9,179,118,3.6,2.4,74,76,1.5,1.5,2641,439,53.6,6.8,29,37,0.6,0.7,594,288,12.1,5.8
1400000US06075026100,6075026100,"Census Tract 261, San Francisco County, California",7156,564,7156,(X),3315,356,46.3,2.7,3841,323,53.7,2.7,444,141,6.2,1.8,268,71,3.7,0.9,210,84,2.9,1.2,252,80,3.5,1.1,590,148,8.2,1.9,1366,259,19.1,3.1,786,176,11,2.2,871,223,12.2,2.9,668,171,9.3,2.4,569,172,8,2.4,677,141,9.5,2.2,282,115,3.9,1.6,173,73,2.4,1,7156,564,7156,(X),1594,478,22.3,6.7,87,65,1.2,0.9,35,35,0.5,0.5,4464,490,62.4,5.6,93,74,1.3,1.1,1299,498,18.2,6.5
1400000US06075026200,6075026200,"Census Tract 262, San Francisco County, California",7671,457,7671,(X),3825,313,49.9,2.7,3846,305,50.1,2.7,250,120,3.3,1.5,419,129,5.5,1.7,524,152,6.8,1.8,278,92,3.6,1.2,492,177,6.4,2.2,1271,307,16.6,3.9,998,270,13,3.5,1107,236,14.4,3.2,575,192,7.5,2.4,558,147,7.3,1.9,809,227,10.5,2.9,262,84,3.4,1.1,128,65,1.7,0.8,7671,457,7671,(X),1369,423,17.8,5.3,64,52,0.8,0.7,218,265,2.8,3.4,5004,457,65.2,4.6,0,17,0,0.4,1261,333,16.4,4.3
1400000US06075026301,6075026301,"Census Tract 263.01, San Francisco County, California",4830,395,4830,(X),2445,227,50.6,3.3,2385,276,49.4,3.3,127,74,2.6,1.4,242,78,5,1.6,183,102,3.8,2,200,87,4.1,1.8,307,132,6.4,2.7,901,247,18.7,4.7,667,152,13.8,2.8,794,141,16.4,3,263,110,5.4,2.3,399,146,8.3,3,398,96,8.2,2,259,80,5.4,1.6,90,43,1.9,0.9,4830,395,4830,(X),1469,275,30.4,5.6,84,67,1.7,1.4,33,42,0.7,0.8,2765,435,57.2,8.1,49,46,1,1,579,338,12,6.8
1400000US06075026302,6075026302,"Census Tract 263.02, San Francisco County, California",4717,298,4717,(X),2320,234,49.2,3.7,2397,226,50.8,3.7,91,63,1.9,1.3,123,58,2.6,1.2,238,90,5,1.9,186,75,3.9,1.6,376,138,8,2.8,680,198,14.4,4.1,640,157,13.6,3.1,524,116,11.1,2.5,699,164,14.8,3.6,387,130,8.2,2.7,373,122,7.9,2.4,297,86,6.3,1.8,103,59,2.2,1.3,4717,298,4717,(X),1068,167,22.6,3.6,145,94,3.1,1.9,28,31,0.6,0.7,2745,303,58.2,4.3,0,12,0,0.7,807,188,17.1,4.1
1400000US06075026303,6075026303,"Census Tract 263.03, San Francisco County, California",4844,562,4844,(X),2556,317,52.8,3,2288,317,47.2,3,223,93,4.6,1.7,205,111,4.2,2,265,85,5.5,1.7,242,76,5,1.6,296,141,6.1,2.9,713,289,14.7,5.3,517,208,10.7,3.6,909,177,18.8,4.1,314,102,6.5,2.1,336,136,6.9,2.8,484,121,10,2.5,214,85,4.4,1.8,126,79,2.6,1.6,4844,562,4844,(X),1009,265,20.8,5.9,41,43,0.8,0.9,91,129,1.9,2.7,2786,442,57.5,7.1,0,12,0,0.7,1054,420,21.8,7.3
1400000US06075026401,6075026401,"Census Tract 264.01, San Francisco County, California",3710,291,3710,(X),1874,216,50.5,3.6,1836,177,49.5,3.6,120,84,3.2,2.2,173,87,4.7,2.3,186,57,5,1.5,190,77,5.1,2,263,85,7.1,2.2,384,107,10.4,2.7,494,87,13.3,2.2,517,147,13.9,3.7,378,124,10.2,3.2,260,103,7,2.8,364,92,9.8,2.5,290,95,7.8,2.6,91,55,2.5,1.5,3710,291,3710,(X),306,141,8.2,3.7,417,129,11.2,3.4,2,4,0.1,0.1,2611,251,70.4,4.2,22,38,0.6,1,450,137,12.1,3.5
1400000US06075026402,6075026402,"Census Tract 264.02, San Francisco County, California",4734,599,4734,(X),2251,335,47.5,3.1,2483,328,52.5,3.1,338,190,7.1,3.4,237,100,5,1.9,163,73,3.4,1.5,229,89,4.8,2,346,102,7.3,2.1,952,212,20.1,3.4,605,166,12.8,3.2,696,162,14.7,3.2,275,99,5.8,2.3,356,144,7.5,2.8,303,117,6.4,2.1,127,69,2.7,1.5,107,63,2.3,1.3,4734,599,4734,(X),822,245,17.4,5.4,426,96,9,2.4,32,36,0.7,0.8,2642,459,55.8,7,0,12,0,0.7,1212,502,25.6,8.9
1400000US06075026403,6075026403,"Census Tract 264.03, San Francisco County, California",3868,305,3868,(X),2042,251,52.8,3.9,1826,170,47.2,3.9,281,144,7.3,3.5,227,103,5.9,2.6,127,72,3.3,1.9,191,106,4.9,2.8,329,131,8.5,3.3,390,132,10.1,3,530,134,13.7,3.3,552,127,14.3,3.1,353,153,9.1,4.1,280,110,7.2,2.8,326,122,8.4,3,212,84,5.5,2.2,70,47,1.8,1.2,3868,305,3868,(X),800,357,20.7,8.4,110,82,2.8,2.2,10,21,0.3,0.6,2711,283,70.1,5.1,16,25,0.4,0.6,442,261,11.4,7.1
1400000US06075026404,6075026404,"Census Tract 264.04, San Francisco County, California",2823,310,2823,(X),1307,199,46.3,4.1,1516,187,53.7,4.1,220,69,7.8,2.2,157,67,5.6,2.2,163,76,5.8,2.5,238,96,8.4,3.1,234,71,8.3,2.1,285,94,10.1,3.1,505,87,17.9,3.1,366,94,13,2.8,145,47,5.1,1.7,133,52,4.7,1.9,268,63,9.5,2.1,84,31,3,1.1,25,19,0.9,0.7,2823,310,2823,(X),395,229,14,8,506,180,17.9,6.2,12,19,0.4,0.7,1440,289,51,9.7,202,246,7.2,8.4,300,192,10.6,6.7
1400000US06075030101,6075030101,"Census Tract 301.01, San Francisco County, California",4936,329,4936,(X),2531,247,51.3,4.3,2405,291,48.7,4.3,203,84,4.1,1.7,89,49,1.8,1,102,72,2.1,1.5,126,68,2.6,1.3,75,44,1.5,0.9,1634,324,33.1,6.4,1111,227,22.5,4.3,548,197,11.1,3.6,279,111,5.7,2.3,341,116,6.9,2.2,210,79,4.3,1.7,167,79,3.4,1.6,51,49,1,1,4936,329,4936,(X),3404,322,69,4.6,134,83,2.7,1.7,52,70,1.1,1.4,1255,234,25.4,4.2,16,27,0.3,0.6,274,141,5.6,2.9
1400000US06075030102,6075030102,"Census Tract 301.02, San Francisco County, California",5073,347,5073,(X),2485,247,49,4.6,2588,326,51,4.6,210,110,4.1,2.2,184,104,3.6,2,195,108,3.8,2.1,275,85,5.4,1.7,205,98,4,1.9,1422,293,28,4.9,760,185,15,3.7,656,170,12.9,3.3,121,83,2.4,1.6,379,152,7.5,3,272,103,5.4,2.2,176,102,3.5,2,218,109,4.3,2.1,5073,347,5073,(X),3686,369,72.7,5,96,59,1.9,1.2,67,53,1.3,1.1,1147,261,22.6,5.1,8,15,0.2,0.3,202,187,4,3.7
1400000US06075030201,6075030201,"Census Tract 302.01, San Francisco County, California",4327,272,4327,(X),2166,208,50.1,3.6,2161,204,49.9,3.6,121,71,2.8,1.6,165,71,3.8,1.6,186,64,4.3,1.4,97,55,2.2,1.3,196,132,4.5,3,1292,213,29.9,4.3,717,132,16.6,2.8,629,101,14.5,2.1,190,62,4.4,1.5,214,83,4.9,1.9,273,75,6.3,1.8,119,56,2.8,1.2,128,73,3,1.8,4327,272,4327,(X),2636,268,60.9,5.1,38,31,0.9,0.7,69,64,1.6,1.5,1732,258,40,5.1,24,28,0.6,0.6,166,85,3.8,1.9
1400000US06075030202,6075030202,"Census Tract 302.02, San Francisco County, California",4621,375,4621,(X),2054,251,44.4,4.4,2567,304,55.6,4.4,194,108,4.2,2.3,109,74,2.4,1.6,55,51,1.2,1.1,90,100,1.9,2.1,101,88,2.2,1.9,1650,269,35.7,5.5,992,215,21.5,4.5,407,153,8.8,3.4,339,198,7.3,4,190,105,4.1,2.3,289,144,6.3,3.1,140,150,3,3.1,65,46,1.4,1,4621,375,4621,(X),2999,336,64.9,6.3,176,109,3.8,2.3,0,12,0,0.7,1768,365,38.3,6.4,0,12,0,0.7,183,134,4,2.9
1400000US06075030301,6075030301,"Census Tract 303.01, San Francisco County, California",6024,492,6024,(X),2778,332,46.1,3.4,3246,307,53.9,3.4,464,168,7.7,2.5,342,102,5.7,1.6,108,68,1.8,1.1,9,14,0.1,0.2,285,98,4.7,1.7,1248,278,20.7,4.5,987,186,16.4,3,765,215,12.7,3.1,284,114,4.7,2,393,141,6.5,2.4,708,273,11.8,4.4,199,100,3.3,1.7,232,169,3.9,2.7,6024,492,6024,(X),3177,380,52.7,6,292,233,4.8,3.8,10,19,0.2,0.3,2729,434,45.3,5.3,0,17,0,0.5,233,150,3.9,2.5
1400000US06075030302,6075030302,"Census Tract 303.02, San Francisco County, California",4143,359,4143,(X),1881,229,45.4,3.8,2262,247,54.6,3.8,150,72,3.6,1.7,195,63,4.7,1.5,234,77,5.6,1.8,125,66,3,1.6,374,130,9,2.9,546,216,13.2,4.4,504,114,12.2,2.4,567,107,13.7,2.7,440,109,10.6,2.7,343,108,8.3,2.8,366,58,8.8,1.6,163,68,3.9,1.7,136,56,3.3,1.3,4143,359,4143,(X),1915,205,46.2,5.7,98,90,2.4,2.2,0,12,0,0.8,2155,345,52,5.3,0,12,0,0.8,91,66,2.2,1.5
1400000US06075030400,6075030400,"Census Tract 304, San Francisco County, California",5568,430,5568,(X),2587,233,46.5,3.9,2981,373,53.5,3.9,354,109,6.4,1.8,243,80,4.4,1.4,254,124,4.6,2.1,272,92,4.9,1.6,384,237,6.9,4.1,642,192,11.5,2.9,844,141,15.2,2.5,861,128,15.5,2.5,463,112,8.3,2.1,300,95,5.4,1.7,482,91,8.7,1.8,354,94,6.4,1.7,115,66,2.1,1.2,5568,430,5568,(X),3098,391,55.6,4.6,151,98,2.7,1.8,9,12,0.2,0.2,2423,279,43.5,3.5,78,92,1.4,1.6,159,126,2.9,2.2
1400000US06075030500,6075030500,"Census Tract 305, San Francisco County, California",2950,208,2950,(X),1630,195,55.3,4.8,1320,156,44.7,4.8,113,51,3.8,1.7,88,50,3,1.7,112,60,3.8,2,142,81,4.8,2.7,51,41,1.7,1.4,433,160,14.7,5,342,96,11.6,3.5,364,97,12.3,3.1,268,88,9.1,2.8,167,60,5.7,1.9,357,97,12.1,3.2,271,101,9.2,3.5,242,89,8.2,3,2950,208,2950,(X),1749,192,59.3,6.3,270,132,9.2,4.3,16,16,0.5,0.5,930,138,31.5,4.1,86,89,2.9,3,169,110,5.7,3.7
1400000US06075030600,6075030600,"Census Tract 306, San Francisco County, California",2424,150,2424,(X),1252,112,51.7,3.4,1172,112,48.3,3.4,203,70,8.4,2.7,188,55,7.8,2.3,117,33,4.8,1.3,106,41,4.4,1.6,89,37,3.7,1.5,187,83,7.7,3.4,339,61,14,2.6,377,77,15.6,3.3,210,58,8.7,2.3,144,47,5.9,1.9,249,66,10.3,2.5,139,44,5.7,1.8,76,35,3.1,1.5,2424,150,2424,(X),1519,111,62.7,5.3,42,45,1.7,1.9,25,22,1,0.9,867,131,35.8,5,36,53,1.5,2.2,144,141,5.9,5.6
1400000US06075030700,6075030700,"Census Tract 307, San Francisco County, California",6673,406,6673,(X),3585,294,53.7,2.9,3088,267,46.3,2.9,423,163,6.3,2.3,346,137,5.2,2,347,200,5.2,2.9,116,59,1.7,0.9,137,95,2.1,1.4,624,257,9.4,3.9,1275,206,19.1,2.5,931,201,14,3,562,241,8.4,3.5,616,175,9.2,2.7,621,171,9.3,2.7,490,136,7.3,2.1,185,96,2.8,1.4,6673,406,6673,(X),4353,456,65.2,5.4,144,120,2.2,1.8,99,83,1.5,1.2,2144,290,32.1,4.1,0,17,0,0.5,287,255,4.3,3.8
1400000US06075030800,6075030800,"Census Tract 308, San Francisco County, California",6136,470,6136,(X),2985,320,48.6,3.5,3151,315,51.4,3.5,416,128,6.8,2.1,160,82,2.6,1.3,322,140,5.2,2.2,197,83,3.2,1.3,246,117,4,1.8,713,248,11.6,3.9,918,250,15,3.8,944,197,15.4,3,444,142,7.2,2.3,477,130,7.8,2.1,707,166,11.5,2.8,360,111,5.9,1.8,232,122,3.8,1.9,6136,470,6136,(X),3785,388,61.7,5.5,317,195,5.2,3,77,73,1.3,1.2,2055,291,33.5,4.2,77,80,1.3,1.3,119,189,1.9,3
1400000US06075030900,6075030900,"Census Tract 309, San Francisco County, California",6891,509,6891,(X),3493,348,50.7,2.7,3398,283,49.3,2.7,128,110,1.9,1.6,459,180,6.7,2.7,485,160,7,2.2,383,123,5.6,1.8,564,318,8.2,4.3,348,209,5.1,3,732,170,10.6,2.6,1419,255,20.6,3.4,489,184,7.1,2.7,506,178,7.3,2.8,655,208,9.5,2.9,590,180,8.6,2.5,133,76,1.9,1.1,6891,509,6891,(X),3561,350,51.7,3.8,94,71,1.4,1,17,24,0.2,0.4,3174,383,46.1,4.1,139,182,2,2.7,201,154,2.9,2.2
1400000US06075031000,6075031000,"Census Tract 310, San Francisco County, California",3601,223,3601,(X),1755,182,48.7,3.9,1846,175,51.3,3.9,214,76,5.9,2.2,180,62,5,1.8,162,84,4.5,2.2,133,65,3.7,1.7,146,84,4.1,2.3,298,120,8.3,3.2,521,118,14.5,3.1,409,135,11.4,3.6,373,125,10.4,3.5,279,110,7.7,3.1,529,137,14.7,3.8,266,104,7.4,2.9,91,57,2.5,1.6,3601,223,3601,(X),2095,218,58.2,5.2,118,91,3.3,2.6,16,18,0.4,0.5,1289,170,35.8,4.2,0,12,0,0.9,344,196,9.6,5.3
1400000US06075031100,6075031100,"Census Tract 311, San Francisco County, California",6885,539,6885,(X),3440,334,50,3.4,3445,378,50,3.4,341,156,5,2.2,216,101,3.1,1.4,187,72,2.7,1,305,161,4.4,2.3,409,175,5.9,2.4,1450,259,21.1,3.3,1225,245,17.8,3.2,813,181,11.8,2.3,562,134,8.2,2.1,374,138,5.4,2,477,132,6.9,2,385,138,5.6,2,141,72,2,1,6885,539,6885,(X),3999,389,58.1,5.6,517,412,7.5,5.7,31,45,0.5,0.7,2403,382,34.9,5.2,13,20,0.2,0.3,343,232,5,3.3
1400000US06075031201,6075031201,"Census Tract 312.01, San Francisco County, California",7331,635,7331,(X),3613,385,49.3,3.1,3718,400,50.7,3.1,216,95,2.9,1.3,336,111,4.6,1.5,297,113,4.1,1.5,249,138,3.4,1.8,850,173,11.6,2.4,1247,283,17,3.7,860,162,11.7,2.3,1482,363,20.2,4,458,126,6.2,1.7,470,142,6.4,1.9,459,121,6.3,1.5,242,90,3.3,1.3,165,91,2.3,1.2,7331,635,7331,(X),1666,284,22.7,4.5,636,152,8.7,2.1,111,96,1.5,1.3,4563,702,62.2,5.4,36,46,0.5,0.6,676,272,9.2,3.7
1400000US06075031202,6075031202,"Census Tract 312.02, San Francisco County, California",3220,338,3220,(X),1656,213,51.4,3.5,1564,195,48.6,3.5,153,112,4.8,3.3,108,55,3.4,1.6,154,54,4.8,1.5,206,74,6.4,2.3,258,96,8,2.9,461,97,14.3,2.8,431,128,13.4,3.5,470,114,14.6,3.5,217,74,6.7,2.4,218,84,6.8,2.5,307,78,9.5,2.4,193,83,6,2.5,44,31,1.4,0.9,3220,338,3220,(X),428,100,13.3,3.1,558,239,17.3,6.6,14,16,0.4,0.5,1955,236,60.7,6.2,94,54,2.9,1.7,303,120,9.4,3.6
1400000US06075031301,6075031301,"Census Tract 313.01, San Francisco County, California",4477,332,4477,(X),2219,245,49.6,3.8,2258,230,50.4,3.8,189,96,4.2,2.1,218,70,4.9,1.4,177,73,4,1.7,248,70,5.5,1.6,497,119,11.1,2.4,526,151,11.7,3.1,499,122,11.1,2.6,920,168,20.5,3.7,232,93,5.2,2.1,257,88,5.7,1.8,374,122,8.4,2.7,194,68,4.3,1.5,146,61,3.3,1.3,4477,332,4477,(X),1261,197,28.2,4.3,1095,326,24.5,6.7,156,103,3.5,2.3,2266,320,50.6,6.2,23,35,0.5,0.8,210,171,4.7,3.8
1400000US06075031302,6075031302,"Census Tract 313.02, San Francisco County, California",5989,487,5989,(X),2850,388,47.6,4.4,3139,328,52.4,4.4,397,170,6.6,2.6,298,93,5,1.5,247,80,4.1,1.3,233,83,3.9,1.4,568,226,9.5,3.6,963,212,16.1,3.2,984,191,16.4,2.8,692,165,11.6,2.7,442,121,7.4,2,263,94,4.4,1.6,524,114,8.7,1.9,277,86,4.6,1.5,101,59,1.7,1,5989,487,5989,(X),1533,329,25.6,5.2,655,159,10.9,2.7,53,67,0.9,1.1,3544,381,59.2,5.9,0,17,0,0.5,606,404,10.1,6.4
1400000US06075031400,6075031400,"Census Tract 314, San Francisco County, California",6990,795,6990,(X),3457,446,49.5,2.7,3533,433,50.5,2.7,285,121,4.1,1.4,526,260,7.5,3.1,321,118,4.6,1.5,251,81,3.6,1,615,197,8.8,2.5,1087,212,15.6,2.9,895,283,12.8,3,990,184,14.2,3.1,560,141,8,2.1,609,147,8.7,2.2,469,102,6.7,1.6,246,81,3.5,1.2,136,70,1.9,1,6990,795,6990,(X),1698,771,24.3,8.7,1016,214,14.5,3.2,10,15,0.1,0.2,3694,402,52.8,6.8,49,66,0.7,0.9,698,209,10,3.3
1400000US06075032601,6075032601,"Census Tract 326.01, San Francisco County, California",4908,336,4908,(X),2529,280,51.5,4.2,2379,248,48.5,4.2,160,84,3.3,1.7,169,66,3.4,1.3,220,110,4.5,2.1,166,53,3.4,1.1,340,128,6.9,2.5,1128,170,23,3.1,795,161,16.2,2.8,712,128,14.5,2.7,364,132,7.4,2.7,224,79,4.6,1.7,369,100,7.5,1.9,174,71,3.5,1.4,87,47,1.8,1,4908,336,4908,(X),2196,242,44.7,4.6,113,74,2.3,1.4,85,145,1.7,2.9,2752,303,56.1,4.5,47,52,1,1.1,94,66,1.9,1.3
1400000US06075032602,6075032602,"Census Tract 326.02, San Francisco County, California",4662,317,4662,(X),2254,229,48.3,3.5,2408,227,51.7,3.5,210,80,4.5,1.7,114,66,2.4,1.4,228,88,4.9,1.9,131,64,2.8,1.4,277,108,5.9,2.2,901,199,19.3,4.4,590,153,12.7,2.9,779,179,16.7,3.6,273,103,5.9,2.2,325,103,7,2.1,358,115,7.7,2.3,188,90,4,1.9,288,139,6.2,3,4662,317,4662,(X),1745,256,37.4,5.7,52,46,1.1,1,41,58,0.9,1.3,2907,338,62.4,5.1,31,38,0.7,0.8,147,110,3.2,2.3
1400000US06075032700,6075032700,"Census Tract 327, San Francisco County, California",7113,558,7113,(X),3428,425,48.2,4,3685,368,51.8,4,195,112,2.7,1.6,328,132,4.6,1.8,238,90,3.3,1.3,477,233,6.7,3.2,423,173,5.9,2.3,1136,310,16,4,914,213,12.8,3,1117,242,15.7,3,477,148,6.7,2.2,452,139,6.4,1.8,728,188,10.2,2.7,408,158,5.7,2.1,220,125,3.1,1.8,7113,558,7113,(X),2923,473,41.1,6.2,70,108,1,1.5,0,17,0,0.5,4319,573,60.7,5.5,75,75,1.1,1.1,232,141,3.3,1.9
1400000US06075032801,6075032801,"Census Tract 328.01, San Francisco County, California",4207,386,4207,(X),1993,237,47.4,3.3,2214,240,52.6,3.3,249,145,5.9,3.2,207,81,4.9,1.7,164,65,3.9,1.4,184,67,4.4,1.6,260,93,6.2,2.2,680,162,16.2,3.9,422,125,10,2.6,677,167,16.1,3.8,183,90,4.3,2.2,319,138,7.6,3.3,388,152,9.2,3.6,319,123,7.6,2.8,155,90,3.7,2.1,4207,386,4207,(X),1619,258,38.5,5.9,48,39,1.1,0.9,10,15,0.2,0.4,2580,412,61.3,6.2,11,17,0.3,0.4,82,69,1.9,1.7
1400000US06075032802,6075032802,"Census Tract 328.02, San Francisco County, California",4383,411,4383,(X),2083,261,47.5,3.6,2300,256,52.5,3.6,123,75,2.8,1.6,236,87,5.4,2,146,59,3.3,1.4,161,71,3.7,1.6,310,95,7.1,2.1,744,216,17,4.5,528,165,12,3.5,663,168,15.1,3.5,374,131,8.5,2.8,371,115,8.5,2.7,408,96,9.3,2.1,239,90,5.5,2.1,80,54,1.8,1.3,4383,411,4383,(X),1175,198,26.8,4.3,151,131,3.4,3,17,19,0.4,0.4,3093,382,70.6,4,58,62,1.3,1.4,135,80,3.1,1.9
1400000US06075032901,6075032901,"Census Tract 329.01, San Francisco County, California",5757,401,5757,(X),2719,262,47.2,2.9,3038,262,52.8,2.9,218,85,3.8,1.4,156,87,2.7,1.5,238,80,4.1,1.4,286,89,5,1.6,460,275,8,4.7,947,308,16.4,4.9,705,167,12.2,2.8,768,134,13.3,2.1,364,106,6.3,1.9,478,149,8.3,2.6,489,136,8.5,2.4,460,114,8,2,188,79,3.3,1.4,5757,401,5757,(X),2102,291,36.5,4.1,91,74,1.6,1.3,4,6,0.1,0.1,3633,347,63.1,4.7,63,86,1.1,1.4,191,121,3.3,2.1
1400000US06075032902,6075032902,"Census Tract 329.02, San Francisco County, California",4463,398,4463,(X),2259,251,50.6,3.2,2204,238,49.4,3.2,272,123,6.1,2.5,239,97,5.4,1.9,118,59,2.6,1.3,115,107,2.6,2.4,190,101,4.3,2.2,752,183,16.8,4,682,183,15.3,3.4,388,134,8.7,2.8,488,126,10.9,2.8,288,78,6.5,1.9,485,134,10.9,3.1,298,107,6.7,2.4,148,66,3.3,1.5,4463,398,4463,(X),1383,308,31,5.7,64,64,1.4,1.5,11,18,0.2,0.4,3218,351,72.1,5.1,12,22,0.3,0.5,8,14,0.2,0.3
1400000US06075033000,6075033000,"Census Tract 330, San Francisco County, California",8165,792,8165,(X),4023,417,49.3,4.1,4142,610,50.7,4.1,503,256,6.2,2.8,395,120,4.8,1.5,438,158,5.4,1.6,265,114,3.2,1.3,753,277,9.2,3.4,841,251,10.3,3.3,1406,374,17.2,3.5,1234,265,15.1,3,432,157,5.3,2,471,157,5.8,2.1,776,195,9.5,2.3,337,153,4.1,1.7,314,101,3.8,1.4,8165,792,8165,(X),3675,533,45,5.5,117,94,1.4,1.2,54,65,0.7,0.8,4409,693,54,5.9,22,33,0.3,0.4,147,88,1.8,1
1400000US06075033100,6075033100,"Census Tract 331, San Francisco County, California",4042,302,4042,(X),1964,209,48.6,3.3,2078,190,51.4,3.3,127,70,3.1,1.7,210,54,5.2,1.3,166,78,4.1,2,289,93,7.1,2.3,203,116,5,2.7,341,127,8.4,3,423,104,10.5,2.5,693,141,17.1,3.2,348,106,8.6,2.7,293,93,7.2,2.3,400,122,9.9,2.9,326,102,8.1,2.6,223,78,5.5,1.9,4042,302,4042,(X),1752,260,43.3,6.3,46,69,1.1,1.7,0,12,0,0.8,2280,328,56.4,6.2,0,12,0,0.8,3,11,0.1,0.3
1400000US06075033201,6075033201,"Census Tract 332.01, San Francisco County, California",4165,307,4165,(X),1488,214,35.7,4.8,2677,301,64.3,4.8,9,6,0.2,0.2,28,19,0.7,0.4,19,15,0.5,0.4,2252,292,54.1,4.8,1048,188,25.2,4.4,371,121,8.9,2.8,92,39,2.2,0.9,86,42,2.1,1,26,18,0.6,0.4,44,42,1.1,1,125,52,3,1.3,43,25,1,0.6,22,17,0.5,0.4,4165,307,4165,(X),2308,284,55.4,5.3,310,93,7.4,2.2,66,42,1.6,1,1187,204,28.5,4.3,86,61,2.1,1.4,686,215,16.5,4.9
1400000US06075033203,6075033203,"Census Tract 332.03, San Francisco County, California",4212,378,4212,(X),2322,307,55.1,4.8,1890,246,44.9,4.8,152,104,3.6,2.4,137,74,3.3,1.8,51,36,1.2,0.9,329,136,7.8,3.1,810,229,19.2,4.9,1162,355,27.6,7.3,394,142,9.4,3.7,372,130,8.8,3.1,228,71,5.4,1.8,174,61,4.1,1.5,222,77,5.3,1.8,114,56,2.7,1.3,67,49,1.6,1.2,4212,378,4212,(X),2047,333,48.6,6.6,415,186,9.9,4.5,57,50,1.4,1.2,1494,330,35.5,7.2,0,12,0,0.8,434,253,10.3,5.9
1400000US06075033204,6075033204,"Census Tract 332.04, San Francisco County, California",4262,347,4262,(X),2059,322,48.3,5.9,2203,290,51.7,5.9,79,55,1.9,1.3,125,42,2.9,1,45,46,1.1,1.1,509,229,11.9,5.2,1207,378,28.3,8.2,665,154,15.6,3.3,476,140,11.2,3.2,276,110,6.5,2.5,127,65,3,1.5,222,84,5.2,2.1,353,120,8.3,2.8,124,63,2.9,1.5,54,34,1.3,0.8,4262,347,4262,(X),1935,333,45.4,7.5,370,151,8.7,3.4,47,59,1.1,1.4,1732,369,40.6,7.5,18,21,0.4,0.5,365,143,8.6,3.2
1400000US06075035100,6075035100,"Census Tract 351, San Francisco County, California",8868,589,8868,(X),4147,409,46.8,2.7,4721,345,53.2,2.7,431,153,4.9,1.6,450,143,5.1,1.6,362,123,4.1,1.3,383,113,4.3,1.3,388,115,4.4,1.3,1486,359,16.8,3.6,1362,306,15.4,3.4,1258,264,14.2,3.1,790,210,8.9,2.4,455,164,5.1,1.8,734,166,8.3,1.8,476,175,5.4,1.9,293,128,3.3,1.4,8868,589,8868,(X),3934,586,44.4,7,182,135,2.1,1.5,38,38,0.4,0.4,5076,802,57.2,7,1,3,0,0.1,217,239,2.4,2.7
1400000US06075035201,6075035201,"Census Tract 352.01, San Francisco County, California",5841,394,5841,(X),2865,256,49,4.1,2976,353,51,4.1,267,93,4.6,1.6,294,125,5,2,261,85,4.5,1.4,261,101,4.5,1.7,322,115,5.5,2,1198,285,20.5,4.6,826,162,14.1,2.6,873,134,14.9,2.3,347,101,5.9,1.7,295,84,5.1,1.5,497,136,8.5,2.1,302,96,5.2,1.6,98,54,1.7,0.9,5841,394,5841,(X),2461,326,42.1,4.8,16,17,0.3,0.3,93,120,1.6,2,3395,393,58.1,5,25,30,0.4,0.5,131,80,2.2,1.4
1400000US06075035202,6075035202,"Census Tract 352.02, San Francisco County, California",4650,283,4650,(X),2308,194,49.6,3.6,2342,241,50.4,3.6,220,77,4.7,1.6,209,83,4.5,1.7,149,68,3.2,1.5,168,70,3.6,1.4,269,97,5.8,2,1155,194,24.8,3.9,697,142,15,2.8,735,141,15.8,3.1,320,104,6.9,2.1,152,55,3.3,1.2,340,87,7.3,1.9,128,49,2.8,1.1,108,55,2.3,1.2,4650,283,4650,(X),2387,319,51.3,7,139,141,3,3,0,12,0,0.7,2168,412,46.6,7.8,116,104,2.5,2.2,169,138,3.6,2.9
1400000US06075035300,6075035300,"Census Tract 353, San Francisco County, California",7514,545,7514,(X),3414,332,45.4,3.3,4100,403,54.6,3.3,446,163,5.9,2,295,117,3.9,1.5,346,136,4.6,1.9,307,161,4.1,2.2,524,164,7,2.1,1045,362,13.9,4.4,787,230,10.5,2.9,1120,269,14.9,3.5,533,152,7.1,2,614,173,8.2,2.2,861,167,11.5,2.3,413,144,5.5,1.8,223,114,3,1.6,7514,545,7514,(X),2206,455,29.4,6,94,111,1.3,1.5,60,71,0.8,0.9,5215,548,69.4,4.2,14,21,0.2,0.3,300,192,4,2.5
1400000US06075035400,6075035400,"Census Tract 354, San Francisco County, California",6473,614,6473,(X),3345,352,51.7,2.9,3128,369,48.3,2.9,194,111,3,1.6,152,91,2.3,1.3,313,150,4.8,2.2,191,90,3,1.3,243,133,3.8,1.9,966,348,14.9,4.7,819,251,12.7,3.6,1251,324,19.3,5.3,429,177,6.6,2.7,835,237,12.9,3.5,461,156,7.1,2.4,306,157,4.7,2.6,313,143,4.8,2.2,6473,614,6473,(X),2262,323,34.9,4.8,187,143,2.9,2.2,0,17,0,0.5,3833,641,59.2,5.9,22,38,0.3,0.6,310,269,4.8,4.3
1400000US06075040100,6075040100,"Census Tract 401, San Francisco County, California",4525,359,4525,(X),2077,215,45.9,3.4,2448,259,54.1,3.4,275,120,6.1,2.4,180,109,4,2.3,94,48,2.1,1.1,89,49,2,1.1,317,121,7,2.8,1179,237,26.1,4.7,727,147,16.1,3,490,174,10.8,3.6,214,80,4.7,1.9,299,95,6.6,2.2,376,87,8.3,2,188,71,4.2,1.6,97,55,2.1,1.2,4525,359,4525,(X),2804,294,62,4.5,40,34,0.9,0.7,22,30,0.5,0.7,1704,244,37.7,4.5,41,45,0.9,1,55,40,1.2,0.9
1400000US06075040200,6075040200,"Census Tract 402, San Francisco County, California",5563,417,5563,(X),2577,355,46.3,4.7,2986,305,53.7,4.7,336,126,6,2.2,229,71,4.1,1.3,114,65,2,1.1,138,78,2.5,1.4,311,147,5.6,2.6,1157,328,20.8,5.4,972,201,17.5,3.6,819,201,14.7,3.3,208,125,3.7,2.3,311,140,5.6,2.5,428,146,7.7,2.6,391,143,7,2.5,149,107,2.7,2,5563,417,5563,(X),3227,415,58,5.4,197,122,3.5,2.3,24,34,0.4,0.6,2176,325,39.1,5.7,17,27,0.3,0.5,280,126,5,2.2
1400000US06075042601,6075042601,"Census Tract 426.01, San Francisco County, California",4175,460,4175,(X),1965,309,47.1,4.5,2210,282,52.9,4.5,325,147,7.8,3,159,91,3.8,2,137,92,3.3,2,70,62,1.7,1.5,304,159,7.3,3.8,638,183,15.3,4,806,176,19.3,3.6,580,180,13.9,4.5,123,51,2.9,1.2,378,94,9.1,2.4,290,109,6.9,2.6,219,68,5.2,1.9,146,81,3.5,2,4175,460,4175,(X),2244,233,53.7,7.3,128,107,3.1,2.5,20,26,0.5,0.6,1604,229,38.4,5.7,0,12,0,0.8,347,384,8.3,8.6
1400000US06075042602,6075042602,"Census Tract 426.02, San Francisco County, California",3090,237,3090,(X),1504,155,48.7,4,1586,187,51.3,4,221,75,7.2,2.3,99,48,3.2,1.5,136,62,4.4,2,48,39,1.6,1.2,112,49,3.6,1.5,608,146,19.7,4.2,581,136,18.8,4.3,407,88,13.2,2.7,167,70,5.4,2.3,161,81,5.2,2.6,301,70,9.7,2.3,187,85,6.1,2.7,62,49,2,1.6,3090,237,3090,(X),1985,194,64.2,4.3,38,37,1.2,1.2,11,18,0.4,0.6,1169,156,37.8,4,0,12,0,1,66,57,2.1,1.9
1400000US06075042700,6075042700,"Census Tract 427, San Francisco County, California",4897,405,4897,(X),2213,289,45.2,4.5,2684,312,54.8,4.5,209,88,4.3,1.7,159,65,3.2,1.3,122,81,2.5,1.6,49,45,1,0.9,367,139,7.5,2.7,905,214,18.5,3.9,663,192,13.5,3.6,615,119,12.6,2.4,500,176,10.2,3.5,375,123,7.7,2.5,469,146,9.6,2.8,216,95,4.4,2,248,109,5.1,2.3,4897,405,4897,(X),2403,331,49.1,5.4,172,116,3.5,2.4,0,12,0,0.7,2348,339,47.9,5.6,26,39,0.5,0.8,179,114,3.7,2.3
1400000US06075042800,6075042800,"Census Tract 428, San Francisco County, California",2456,173,2456,(X),1186,106,48.3,3.2,1270,129,51.7,3.2,178,53,7.2,2.1,255,63,10.4,2.3,177,56,7.2,2.1,126,46,5.1,1.9,32,24,1.3,0.9,164,61,6.7,2.3,355,63,14.5,2.6,455,101,18.5,3.6,114,36,4.6,1.6,136,42,5.5,1.8,219,51,8.9,2.1,147,39,6,1.6,98,30,4,1.2,2456,173,2456,(X),1989,182,81,4.5,39,53,1.6,2.2,17,23,0.7,0.9,550,110,22.4,4.3,0,12,0,1.3,5,9,0.2,0.4
1400000US06075045100,6075045100,"Census Tract 451, San Francisco County, California",5093,486,5093,(X),2310,381,45.4,5.8,2783,381,54.6,5.8,188,104,3.7,2.1,157,64,3.1,1.3,91,39,1.8,0.8,115,59,2.3,1.2,382,162,7.5,3.1,1566,488,30.7,7.5,680,197,13.4,4.1,529,171,10.4,3.6,379,110,7.4,2.2,254,130,5,2.5,378,161,7.4,3.2,254,115,5,2.2,120,62,2.4,1.2,5093,486,5093,(X),2718,515,53.4,8.3,181,167,3.6,3.3,21,31,0.4,0.6,1943,328,38.2,6.5,37,54,0.7,1,338,317,6.6,6.1
1400000US06075045200,6075045200,"Census Tract 452, San Francisco County, California",7322,590,7322,(X),3602,477,49.2,4.6,3720,411,50.8,4.6,87,88,1.2,1.2,406,150,5.5,2,385,166,5.3,2.2,245,245,3.3,3.2,336,160,4.6,2.2,1869,543,25.5,7,1042,218,14.2,2.9,1063,300,14.5,3.6,294,122,4,1.8,557,213,7.6,3,564,154,7.7,2.3,351,157,4.8,2.2,123,79,1.7,1.1,7322,590,7322,(X),4489,583,61.3,7.9,83,82,1.1,1.1,161,182,2.2,2.4,3065,708,41.9,8.2,29,45,0.4,0.6,96,74,1.3,1
1400000US06075047600,6075047600,"Census Tract 476, San Francisco County, California",5647,337,5647,(X),2974,293,52.7,3.5,2673,227,47.3,3.5,260,128,4.6,2.2,152,74,2.7,1.3,182,98,3.2,1.7,273,113,4.8,2,388,150,6.9,2.5,1090,292,19.3,4.9,604,134,10.7,2.3,975,261,17.3,4.7,313,111,5.5,2,389,129,6.9,2.3,563,115,10,2.1,279,140,4.9,2.4,179,94,3.2,1.7,5647,337,5647,(X),2637,248,46.7,4,113,94,2,1.7,16,22,0.3,0.4,3022,316,53.5,4.5,45,71,0.8,1.3,0,17,0,0.6
1400000US06075047701,6075047701,"Census Tract 477.01, San Francisco County, California",4322,369,4322,(X),2072,217,47.9,3.3,2250,248,52.1,3.3,64,57,1.5,1.3,98,75,2.3,1.7,170,81,3.9,1.8,81,48,1.9,1.1,240,126,5.6,2.8,848,170,19.6,3.3,634,126,14.7,3,608,155,14.1,3.2,314,86,7.3,2,476,134,11,3.1,326,70,7.5,1.8,294,90,6.8,2.1,169,68,3.9,1.6,4322,369,4322,(X),1979,208,45.8,4.3,75,66,1.7,1.5,39,62,0.9,1.4,2422,320,56,4.4,65,92,1.5,2.1,41,43,0.9,1
1400000US06075047702,6075047702,"Census Tract 477.02, San Francisco County, California",4218,269,4218,(X),2021,189,47.9,3.7,2197,220,52.1,3.7,119,57,2.8,1.3,228,50,5.4,1.2,143,54,3.4,1.3,117,60,2.8,1.4,323,111,7.7,2.5,751,198,17.8,4.7,707,134,16.8,2.7,630,193,14.9,4.4,334,121,7.9,2.9,209,80,5,1.8,311,94,7.4,2.1,273,115,6.5,2.8,73,40,1.7,1,4218,269,4218,(X),1908,161,45.2,3.6,86,91,2,2.1,0,12,0,0.8,2318,243,55,3.8,0,12,0,0.8,66,44,1.6,1.1
1400000US06075047801,6075047801,"Census Tract 478.01, San Francisco County, California",4023,362,4023,(X),1827,176,45.4,3.2,2196,268,54.6,3.2,179,108,4.4,2.5,90,50,2.2,1.2,129,59,3.2,1.4,106,39,2.6,1,227,99,5.6,2.4,757,202,18.8,4.6,520,125,12.9,2.8,519,135,12.9,3.3,211,83,5.2,2,367,137,9.1,3.2,437,109,10.9,2.6,282,76,7,2.1,199,68,4.9,1.8,4023,362,4023,(X),1693,299,42.1,7.3,55,44,1.4,1.1,43,56,1.1,1.4,2544,383,63.2,6.5,20,28,0.5,0.7,64,59,1.6,1.5
1400000US06075047802,6075047802,"Census Tract 478.02, San Francisco County, California",3937,345,3937,(X),1854,207,47.1,3.7,2083,244,52.9,3.7,135,61,3.4,1.5,190,92,4.8,2.1,211,57,5.4,1.4,142,69,3.6,1.7,469,147,11.9,3.7,619,162,15.7,3.9,692,126,17.6,2.7,484,106,12.3,2.8,277,110,7,2.6,188,82,4.8,2.1,179,61,4.5,1.5,233,82,5.9,2,118,69,3,1.7,3937,345,3937,(X),1601,282,40.7,7.2,49,47,1.2,1.2,85,80,2.2,2,2287,370,58.1,7.1,16,27,0.4,0.7,112,79,2.8,2
1400000US06075047901,6075047901,"Census Tract 479.01, San Francisco County, California",6860,654,6860,(X),3324,409,48.5,4.4,3536,481,51.5,4.4,458,234,6.7,3.2,211,126,3.1,1.9,356,174,5.2,2.5,190,88,2.8,1.2,337,188,4.9,2.8,883,334,12.9,4.3,1221,293,17.8,3.9,927,202,13.5,3,534,165,7.8,2.4,491,188,7.2,2.7,645,161,9.4,2.2,453,162,6.6,2.3,154,73,2.2,1.1,6860,654,6860,(X),3691,441,53.8,5.6,234,144,3.4,2,104,122,1.5,1.8,3324,581,48.5,5.6,0,17,0,0.5,9,22,0.1,0.3
1400000US06075047902,6075047902,"Census Tract 479.02, San Francisco County, California",3701,335,3701,(X),1832,226,49.5,3.3,1869,187,50.5,3.3,183,89,4.9,2.2,82,44,2.2,1.2,109,57,2.9,1.6,95,52,2.6,1.5,247,170,6.7,4.5,542,143,14.6,3.2,596,139,16.1,3.2,557,107,15,3,223,67,6,1.8,347,90,9.4,2.5,419,94,11.3,2.3,203,61,5.5,1.7,98,52,2.6,1.5,3701,335,3701,(X),2118,273,57.2,4.7,236,194,6.4,5,57,50,1.5,1.3,1661,193,44.9,4.2,29,34,0.8,0.9,86,63,2.3,1.7
1400000US06075060100,6075060100,"Census Tract 601, San Francisco County, California",3828,321,3828,(X),1959,272,51.2,4.9,1869,222,48.8,4.9,438,156,11.4,3.5,293,83,7.7,1.9,243,76,6.3,1.9,112,68,2.9,1.7,312,187,8.2,4.8,1043,192,27.2,5.3,747,160,19.5,3.8,408,90,10.7,2.3,125,79,3.3,2.1,54,69,1.4,1.8,53,57,1.4,1.5,0,12,0,0.8,0,12,0,0.8,3828,321,3828,(X),3478,357,90.9,5.2,10,17,0.3,0.4,8,15,0.2,0.4,342,165,8.9,4.2,41,63,1.1,1.6,117,161,3.1,4.2
1400000US06075060400,6075060400,"Census Tract 604, San Francisco County, California",1662,185,1662,(X),810,136,48.7,5.8,852,131,51.3,5.8,62,33,3.7,2,68,49,4.1,2.8,32,33,1.9,2,20,30,1.2,1.8,159,82,9.6,4.9,286,132,17.2,7.8,352,117,21.2,6.1,154,67,9.3,4.1,49,43,2.9,2.6,108,64,6.5,3.7,120,59,7.2,3.3,100,54,6,3.3,152,68,9.1,4.1,1662,185,1662,(X),1138,189,68.5,9.1,63,46,3.8,2.8,0,12,0,1.9,473,184,28.5,10.1,11,17,0.7,1,81,67,4.9,4.1
1400000US06075060502,6075060502,"Census Tract 605.02, San Francisco County, California",3430,292,3430,(X),1626,198,47.4,3.7,1804,192,52.6,3.7,240,82,7,2.1,362,108,10.6,3.1,326,92,9.5,2.5,245,79,7.1,2.1,322,101,9.4,2.8,447,111,13,3.1,465,95,13.6,2.6,437,92,12.7,2.5,210,67,6.1,1.9,101,49,2.9,1.4,194,50,5.7,1.3,52,31,1.5,0.9,29,21,0.8,0.6,3430,292,3430,(X),514,210,15,6,763,196,22.2,5.7,56,70,1.6,2,1190,269,34.7,6.5,123,83,3.6,2.5,922,263,26.9,7.2
1400000US06075060700,6075060700,"Census Tract 607, San Francisco County, California",10529,834,10529,(X),5552,525,52.7,3.1,4977,536,47.3,3.1,427,221,4.1,2,286,120,2.7,1.1,118,115,1.1,1.1,131,100,1.2,1,592,242,5.6,2.3,4312,584,41,5,2435,542,23.1,4.5,805,272,7.6,2.5,480,213,4.6,2,115,98,1.1,0.9,499,199,4.7,1.8,248,77,2.4,0.8,81,105,0.8,1,10529,834,10529,(X),4691,763,44.6,6,898,389,8.5,3.6,102,123,1,1.2,4548,610,43.2,5.5,14,18,0.1,0.2,715,397,6.8,3.7
1400000US06075061000,6075061000,"Census Tract 610, San Francisco County, California",4730,371,4730,(X),2325,245,49.2,3.1,2405,229,50.8,3.1,403,126,8.5,2.5,349,97,7.4,1.8,274,113,5.8,2.3,196,74,4.1,1.6,118,67,2.5,1.4,909,159,19.2,3.4,994,176,21,3.2,517,123,10.9,2.5,285,112,6,2.3,155,71,3.3,1.5,342,104,7.2,2.2,164,65,3.5,1.3,24,24,0.5,0.5,4730,371,4730,(X),1135,263,24,5.5,997,188,21.1,3.6,94,59,2,1.3,2600,317,55,5.6,0,12,0,0.7,430,305,9.1,6.3
1400000US06075061100,6075061100,"Census Tract 611, San Francisco County, California",4686,379,4686,(X),2232,288,47.6,4.4,2454,270,52.4,4.4,144,82,3.1,1.6,129,70,2.8,1.5,235,115,5,2.4,223,84,4.8,1.8,203,114,4.3,2.3,438,156,9.3,3.1,366,108,7.8,2.2,725,199,15.5,4.2,403,115,8.6,2.6,558,149,11.9,3.2,510,116,10.9,2.3,416,134,8.9,2.9,336,99,7.2,2.1,4686,379,4686,(X),194,92,4.1,2,35,36,0.7,0.8,18,32,0.4,0.7,4295,423,91.7,5.5,0,12,0,0.7,176,244,3.8,5.2
1400000US06075061200,6075061200,"Census Tract 612, San Francisco County, California",4249,486,4249,(X),2439,342,57.4,4,1810,253,42.6,4,228,118,5.4,2.6,305,112,7.2,2.4,281,107,6.6,2.4,279,114,6.6,2.5,334,133,7.9,3,828,196,19.5,4,515,150,12.1,3.2,612,231,14.4,4.8,262,105,6.2,2.7,221,97,5.2,2.3,233,90,5.5,2.2,124,46,2.9,1.2,27,26,0.6,0.6,4249,486,4249,(X),935,270,22,6.2,853,246,20.1,5.7,113,122,2.7,2.8,1153,210,27.1,5.1,8,20,0.2,0.5,1290,418,30.4,7.7
1400000US06075061400,6075061400,"Census Tract 614, San Francisco County, California",6035,547,6035,(X),3062,449,50.7,5.2,2973,385,49.3,5.2,524,252,8.7,4,275,147,4.6,2.4,336,206,5.6,3.3,199,153,3.3,2.5,263,154,4.4,2.4,1211,358,20.1,5.8,1456,269,24.1,3.9,930,245,15.4,4.2,304,148,5,2.5,123,68,2,1.1,154,96,2.6,1.6,219,189,3.6,3,41,47,0.7,0.8,6035,547,6035,(X),3651,442,60.5,7.5,714,421,11.8,6.9,41,35,0.7,0.6,1317,357,21.8,5.9,241,203,4,3.4,661,657,11,10.4
1400000US06075061500,6075061500,"Census Tract 615, San Francisco County, California",13057,1177,13057,(X),6986,763,53.5,4.6,6071,898,46.5,4.6,555,302,4.3,2.3,262,204,2,1.6,290,219,2.2,1.7,219,144,1.7,1.1,669,430,5.1,3.1,3624,913,27.8,6.3,3433,559,26.3,4,1532,446,11.7,3.4,778,321,6,2.5,997,416,7.6,3.2,285,159,2.2,1.2,299,215,2.3,1.7,114,120,0.9,0.9,13057,1177,13057,(X),7645,1002,58.6,4.9,182,134,1.4,1,149,114,1.1,0.9,5110,752,39.1,5,15,22,0.1,0.2,548,325,4.2,2.4
1400000US06075980200,6075980200,"Census Tract 9802, San Francisco County, California",320,112,320,(X),236,99,73.8,9.1,84,30,26.3,9.1,5,7,1.6,2.2,0,12,0,9.6,0,12,0,9.6,0,12,0,9.6,9,14,2.8,4.4,21,16,6.6,5.3,46,30,14.4,9.8,47,34,14.7,11,16,25,5,8,30,39,9.4,9.7,91,43,28.4,7.6,21,17,6.6,6.3,34,45,10.6,12.2,320,112,320,(X),179,85,55.9,13.5,38,35,11.9,10.1,6,12,1.9,4.2,87,41,27.2,12.1,0,12,0,9.6,16,24,5,7.8
1400000US06075980300,6075980300,"Census Tract 9803, San Francisco County, California",89,32,89,(X),58,31,65.2,24.9,31,25,34.8,24.9,0,12,0,29.7,0,12,0,29.7,0,12,0,29.7,0,12,0,29.7,0,12,0,29.7,47,25,52.8,24.9,18,22,20.2,22.2,20,19,22.5,18.7,4,6,4.5,6.9,0,12,0,29.7,0,12,0,29.7,0,12,0,29.7,0,12,0,29.7,89,32,89,(X),89,32,100,29.7,0,12,0,29.7,0,12,0,29.7,5,7,5.6,8.1,0,12,0,29.7,0,12,0,29.7
1400000US06075980401,6075980401,"Census Tract 9804.01, San Francisco County, California",0,12,0,(X),0,12,-,**,0,12,-,**,0,12,-,**,0,12,-,**,0,12,-,**,0,12,-,**,0,12,-,**,0,12,-,**,0,12,-,**,0,12,-,**,0,12,-,**,0,12,-,**,0,12,-,**,0,12,-,**,0,12,-,**,0,12,0,(X),0,12,-,**,0,12,-,**,0,12,-,**,0,12,-,**,0,12,-,**,0,12,-,**
1400000US06075980501,6075980501,"Census Tract 9805.01, San Francisco County, California",853,213,853,(X),349,100,40.9,6.7,504,143,59.1,6.7,29,31,3.4,3.2,55,40,6.4,4.5,46,36,5.4,4.2,35,35,4.1,4,118,79,13.8,7.7,75,55,8.8,5.9,81,41,9.5,4.3,72,44,8.4,4.4,88,53,10.3,5.3,39,27,4.6,3.2,44,28,5.2,3.2,141,52,16.5,6.7,30,22,3.5,2.6,853,213,853,(X),88,48,10.3,5.5,205,132,24,13.4,20,32,2.3,3.6,439,132,51.5,14.7,113,129,13.2,13.9,62,78,7.3,8.7
1400000US06075980600,6075980600,"Census Tract 9806, San Francisco County, California",476,126,476,(X),260,76,54.6,10.7,216,83,45.4,10.7,20,17,4.2,3.4,13,13,2.7,2.6,23,30,4.8,5.8,19,20,4,4,35,23,7.4,4.8,47,32,9.9,6.4,48,26,10.1,5,108,66,22.7,11.5,44,28,9.2,5.4,26,21,5.5,4.2,74,35,15.5,7.1,19,18,4,3.8,0,12,0,6.6,476,126,476,(X),186,87,39.1,13.9,245,95,51.5,15.8,0,12,0,6.6,44,55,9.2,11.3,0,12,0,6.6,5,7,1.1,1.4
1400000US06075980900,6075980900,"Census Tract 9809, San Francisco County, California",260,72,260,(X),144,50,55.4,12,116,44,44.6,12,23,20,8.8,7,6,9,2.3,3.3,4,6,1.5,2.2,0,12,0,11.7,8,8,3.1,3,73,41,28.1,13.4,71,37,27.3,12.8,47,33,18.1,12.7,5,7,1.9,2.6,23,23,8.8,8.4,0,12,0,11.7,0,12,0,11.7,0,12,0,11.7,260,72,260,(X),180,56,69.2,13.8,18,22,6.9,8.1,0,12,0,11.7,46,34,17.7,11.4,9,15,3.5,5.8,16,27,6.2,10.4
1400000US06075990100,6075990100,"Census Tract 9901, San Francisco County, California",0,12,0,(X),0,12,-,**,0,12,-,**,0,12,-,**,0,12,-,**,0,12,-,**,0,12,-,**,0,12,-,**,0,12,-,**,0,12,-,**,0,12,-,**,0,12,-,**,0,12,-,**,0,12,-,**,0,12,-,**,0,12,-,**,0,12,0,(X),0,12,-,**,0,12,-,**,0,12,-,**,0,12,-,**,0,12,-,**,0,12,-,**
